time,temperature,vibration,power,is_anomaly,anomaly_type
0,50.30471707975443,0.4834967926024133,202.48489087049447,0,normal
1,50.25411111927211,0.4717883368294204,205.49253648821934,0,normal
2,53.250451195806455,0.5867095150886346,214.36841106591018,0,normal
3,54.47609862232395,0.6021146932112293,229.09855282136792,0,normal
4,52.37909183026836,0.4773422592248508,216.66530458342552,0,normal
5,53.52744962458303,0.6266829052198475,212.57215967474704,0,normal
6,55.12784040316728,0.5978470792958039,218.92122444363378,0,normal
7,34.61403053953713,0.5347211760212491,220.4020297538338,1,spike
8,54.3133258614179,0.6457057229460517,213.06320754354317,0,normal
9,52.68248997835916,0.5849335781469909,216.56140144609907,0,normal
10,53.379397974862826,0.5043608598998608,215.3255945086692,0,normal
11,28.690216819847596,0.6302968852317173,209.5698431980589,1,spike
12,50.06603069756122,0.5342604823695339,203.69889112909894,0,normal
13,49.833145981455424,0.49615311384785615,207.946733342667,0,normal
14,47.96750934225204,0.5388611271261299,192.7248141299457,0,normal
15,45.60517363118402,0.4200683618151625,181.85549267037916,0,normal
16,46.03862376516031,0.4193683215480046,191.69809317725412,0,normal
17,44.211488267725656,0.3512147595534137,181.6837051508583,0,normal
18,45.878450301307275,0.44666152799149944,181.9089020033105,0,normal
19,45.1204449575684,0.426239047517567,180.5077120735687,0,normal
20,45.485010617532545,0.41043421934513646,182.91694704982416,0,normal
21,45.783536549663324,0.3761714132998863,184.9432109216782,0,normal
22,48.72254133867403,0.48094731948178426,188.10716610000054,0,normal
23,48.55137529241859,0.46753756656026496,186.49307813066656,0,normal
24,49.571672177836895,0.42475972762002784,193.8497386013353,0,normal
25,50.94196167502437,0.44524861593427817,198.94415448504077,0,normal
26,53.03230918555335,0.5889038526515554,208.91011667235088,0,normal
27,53.900977970296815,0.44792514365335184,218.77746509163728,0,normal
28,54.74285963051818,0.6051277189584267,218.12679274044905,0,normal
29,55.26045013445323,0.5813048498013734,222.02377356286385,0,normal
30,57.14164760087046,0.7082452823614048,222.44507335327054,0,normal
31,54.42321411506073,0.5637908718435208,215.3846454456382,0,normal
32,53.81788428985066,0.609331896509608,218.20782546812686,0,normal
33,52.72176117768486,0.5345895314918077,213.86180700162345,0,normal
34,53.11597942257549,0.5680069961258171,208.84104854936243,0,normal
35,52.423067518233495,0.5853031769106725,210.50058200483176,0,normal
36,49.886052542345126,0.47459326503067356,210.53844943679218,0,normal
37,47.865748297524874,0.5071427101754177,191.3750035438213,0,normal
38,46.675518784308764,0.38382548183085113,183.23614040652282,0,normal
39,47.11505888189197,0.4570308197657583,187.59142358075707,0,normal
40,46.41312715228125,0.47439452918501757,186.11339414675916,0,normal
41,45.71352513685986,0.4472723773267139,182.0982586439867,0,normal
42,44.33449029271131,0.4825120496909967,177.18118766746272,0,normal
43,45.402532191621376,0.3698786779668945,174.39289478180132,0,normal
44,45.78655879021853,0.3467737132369412,178.33308278544436,0,normal
45,46.68315469079627,0.3839463383911695,185.9859425778276,0,normal
46,48.37142877794818,0.5004507038863855,192.65937526168054,0,normal
47,48.929500323262076,0.5034861531787105,192.8870549187483,0,normal
48,50.678913563071895,0.5186911042438086,201.8305863219054,0,normal
49,51.36167429500149,0.47108563344467336,205.75177145707698,0,normal
50,52.789119398689984,0.5941257526402527,215.60354487738255,0,normal
51,54.16682213177127,0.5221012037528984,216.17122985095483,0,normal
52,52.87297119906653,0.6154069031001755,213.48740082275737,0,normal
53,54.509957915088044,0.7330710794587543,215.33183015318258,0,normal
54,54.529627345707205,0.6089151042427217,220.97898800082123,0,normal
55,54.190751283202005,0.6129704324469273,218.6416566208698,0,normal
56,54.054984767695515,0.5564567069091323,220.54902408668116,0,normal
57,55.030475217167144,0.5100988382890022,223.689203180891,0,normal
58,51.63416888430676,0.5025474095346241,209.48035365163278,0,normal
59,52.26237358010409,0.4906027095471443,208.55740727712745,0,normal
60,48.31713022838421,0.39399237574693335,194.49321704875916,0,normal
61,48.37101974450162,0.5535383919898149,198.80162362026414,0,normal
62,47.662753065105015,0.46689818720338894,187.3906394134061,0,normal
63,47.05068842542654,0.45999814753923,185.06071480822183,0,normal
64,46.381099560870666,0.4121708729576008,186.43155523323446,0,normal
65,45.96371810375458,0.4106308079529198,185.93127086634559,0,normal
66,44.651274927751565,0.441253032666998,174.48456721468625,0,normal
67,44.708019075890086,0.3925435255830409,178.4582634864938,0,normal
68,46.52784886233496,0.45709167414793594,185.64140157819594,0,normal
69,46.27316176918564,0.41566302049146203,3.135480162956996,1,fault
70,46.22431367666208,0.4073786289966392,183.7992847603545,0,normal
71,47.57261756048392,0.3811066429295853,189.50388107769334,0,normal
72,49.080547713998385,0.3827235011616113,195.52072614187844,0,normal
73,51.79125596956636,0.522747024338007,214.24459525115176,0,normal
74,52.64242573607056,0.5556733493210728,204.49071145173784,0,normal
75,54.226019260000506,0.5202138833645706,212.78096418397897,0,normal
76,53.90287437258566,0.5763337441999815,202.55051849874596,0,normal
77,54.988168822522056,0.6024510045999661,217.54809195921752,0,normal
78,55.625590393967336,0.5047114075763777,220.52414380523933,0,normal
79,54.520282591725106,0.5446494188605271,215.53124448522914,0,normal
80,54.7869022564796,0.6161012398163653,224.6859957233372,0,normal
81,52.873607964866096,0.5768250957671092,215.7975194711492,0,normal
82,52.13694615343494,0.48505517724871083,208.93706823507628,0,normal
83,50.91235733151427,0.5261695491552723,201.79636405835777,0,normal
84,48.80416035441097,0.5272035683562429,200.3475897581782,0,normal
85,26.275995803499814,0.5227111930550045,196.67271972191264,1,spike
86,47.03059765979728,0.43584766384524887,184.03104044459684,0,normal
87,46.476960212794964,0.4061403885896847,177.3265974637571,0,normal
88,46.15061963998372,0.39154516858294913,182.39590609045646,0,normal
89,45.6169020445846,0.43572903003717484,186.24082626420144,0,normal
90,45.665385108972785,0.4230629008366001,194.04423388360658,0,normal
91,45.07188538404523,0.4329079079860146,180.5955932671283,0,normal
92,45.24657466903365,0.41152518403673055,177.15952110053308,0,normal
93,46.384747883160856,0.4686331551805892,179.61416549122237,0,normal
94,45.81266556604197,0.42098293796872444,186.01043674569587,0,normal
95,47.258792302064315,0.4844102818478706,180.2120889463359,0,normal
96,48.67730038764559,0.5170871462712436,197.4609270576068,0,normal
97,50.29684839791111,0.46571063644698163,205.275951622959,0,normal
98,52.89977422672343,0.4675882821909313,213.78049417305803,0,normal
99,52.63005485057268,0.6297757398121813,209.4219110425979,0,normal
100,53.951964464882806,0.5918722258332693,218.6325611272653,0,normal
101,56.12885742923141,0.5368528538098221,225.37012157256714,0,normal
102,54.64373602893858,0.557183745717836,214.68432490645134,0,normal
103,55.56714469991243,0.6499366086167402,231.52064041152485,0,normal
104,53.39650933891232,0.5539463452216017,211.8276404575967,0,normal
105,53.3300963480651,0.5409988559953456,217.19914689450994,0,normal
106,51.54997794508942,0.6010436519174366,194.10684036687908,0,normal
107,50.955062149612054,0.4667368856730505,210.20260301235285,0,normal
108,50.840308137457406,0.47689849486140645,210.70505127310253,0,normal
109,46.97858435129507,0.45014101077831475,188.06350634081346,0,normal
110,47.93442364354585,0.47821121947361106,194.5315497478722,0,normal
111,46.70220169639954,0.4588611856450274,189.60138269363597,0,normal
112,45.07572302538102,0.4470763627360678,177.0889742533205,0,normal
113,43.7243130141662,0.3844151913173998,177.6328635838615,0,normal
114,45.07212950771387,0.4259117871011978,176.2453656814927,0,normal
115,44.64087815949086,0.37985710022406305,175.51972801973682,0,normal
116,45.90254919243251,0.4211858990104859,9.389790633997205,1,fault
117,46.486318239590695,0.43510307379449564,190.81856141186378,0,normal
118,49.10177889132092,0.4927904846173702,192.8752380547047,0,normal
119,48.46654914701436,0.5079579733194253,190.19831487055225,0,normal
120,48.976502507378115,0.5072873342448039,192.6780270172241,0,normal
121,51.473370860468926,0.5316782673543876,209.55668127420316,0,normal
122,52.71999668397176,0.5139436344323832,205.88006283183503,0,normal
123,54.89472148117316,0.6012779925265986,221.3624491198724,0,normal
124,55.16523826483676,0.601903876051948,224.3951871125185,0,normal
125,55.18650019059485,0.6133890828025569,220.3047735109139,0,normal
126,56.46330289121956,0.7395923231814114,230.90353004920289,0,normal
127,53.64086607712249,0.546628682615388,213.041913461041,0,normal
128,53.69037548617246,0.5949219606797171,213.69222393972026,0,normal
129,52.60895796452722,0.6056022626527593,205.5496007024496,0,normal
130,52.11019019684423,0.5471038996418538,213.52664752547796,0,normal
131,49.91740907795629,0.6152404375177342,195.83703407693082,0,normal
132,50.63515094681439,0.49380105434971394,204.28946287583287,0,normal
133,48.48368207738864,0.48587810266377524,193.5781479739249,0,normal
134,46.02919370549735,0.38064358686529787,14.450576446664819,1,fault
135,45.44888701285972,0.3914015035000298,178.7500323323223,0,normal
136,45.983386828528,0.43211443209039285,190.84790850931566,0,normal
137,46.008497436449034,0.46248515184436717,185.04227745896853,0,normal
138,46.99673089169178,0.45588935953501436,182.94117185993292,0,normal
139,48.084233334561986,0.5246404091579766,193.8635747749914,0,normal
140,46.0842824143538,0.4169373827574424,183.60655949944248,0,normal
141,45.474927974035374,0.3928901329887572,199.1699439073624,0,normal
142,45.367953719268705,0.5425583297493435,182.89743408378618,0,normal
143,48.97361623683121,0.4991842072087258,193.99134071199302,0,normal
144,49.187058904689664,0.4477671007948659,203.84837520769418,0,normal
145,50.878737965332924,0.4828615711942551,194.30977102486747,0,normal
146,51.88790320094017,0.4906240682922364,208.02321358566618,0,normal
147,53.39474301951636,0.6147233281831667,223.55111455147082,0,normal
148,55.39610724970983,0.5897032803495346,221.00343257704054,0,normal
149,54.98667769889068,0.6061016777606378,211.28020557232233,0,normal
150,54.84136516296131,0.5936518695373127,217.38587082979225,0,normal
151,53.79397537861954,0.6124541279694375,222.44849171927336,0,normal
152,52.65544407421785,0.510771676840156,212.50212427847524,0,normal
153,53.04922599685941,0.5072059056300374,208.00262343987507,0,normal
154,52.44621744918169,0.5601392143427134,206.35865576083162,0,normal
155,53.06202513909248,0.5912884670168446,209.44959920062087,0,normal
156,50.13027452147291,0.5192321060843402,202.32708750616163,0,normal
157,49.68864428551047,0.453300199255343,205.44555780673514,0,normal
158,47.00070440146086,0.47388833013378684,193.26493266983928,0,normal
159,45.27952232765024,0.3683974001982231,183.3981502211466,0,normal
160,44.70475621884543,0.36801819213758946,172.1608010750943,0,normal
161,44.44514480401891,0.3417052198442781,171.14091664610842,0,normal
162,47.128469732435164,0.5076273120813048,191.18013903580947,0,normal
163,44.34898418933027,0.41865076083797276,170.6685812676566,0,normal
164,46.50836218481413,0.4604169124802263,184.9056136339135,0,normal
165,45.561538915980215,0.4735913493767268,183.76690789485176,0,normal
166,48.43157301287426,0.6092639226694214,188.0383220746836,0,normal
167,49.09085574059328,0.39635580961635775,191.24211129057878,0,normal
168,49.8433621023419,0.45994841300298256,198.9028430865285,0,normal
169,51.25333269937717,0.4942578997788172,8.736893983792688,1,fault
170,51.845212304570616,0.49436326497227767,212.68844307035124,0,normal
171,53.981606107414805,0.5257529597681104,218.96169160351198,0,normal
172,53.875143538581405,0.4,215.8688571292866,1,contextual
173,53.60402336767809,0.5112502815890916,210.6851197029271,0,normal
174,53.72206242568038,0.5911933668904782,209.53371472349892,0,normal
175,55.00221704916747,0.6026292570547801,217.45448275502415,0,normal
176,55.90921827533264,0.6422357987448356,225.6865510262334,0,normal
177,53.69552551950616,0.5992969329720358,216.46522061116136,0,normal
178,52.381361673890126,0.5777775761491364,199.0259367669349,0,normal
179,51.57992136511514,0.5129279804611087,202.39130031912305,0,normal
180,51.306001741706815,0.6321772049658196,211.24654472485804,0,normal
181,48.92528727585127,0.49022730134113024,196.09722434242576,0,normal
182,47.08907276916628,0.3486572177520858,181.2712465111502,0,normal
183,47.57075480412715,0.40129630879423206,202.06212512449935,0,normal
184,46.098629419539435,0.3349474389393979,184.24980901658392,0,normal
185,46.706126860550654,0.43498926866857845,188.74617723876966,0,normal
186,45.183234437221905,0.3975744275417714,182.7305615291133,0,normal
187,43.94590183683416,0.3554967518417103,173.94563001653572,0,normal
188,44.301713781832134,0.48658058125666837,173.56898671822157,0,normal
189,48.11539402629851,0.48975702422981576,203.06995103052375,0,normal
190,49.2236657207833,0.5207782324879827,201.91069223122196,0,normal
191,48.526385561204776,0.42397403682699036,198.2152282503625,0,normal
192,65.36770648519592,0.4423790090107296,201.3486966740471,1,spike
193,52.7555395177548,0.5569510653099436,206.00557111921077,0,normal
194,51.39295431795648,0.5365094433417409,211.95946823052728,0,normal
195,52.6408068869769,0.4600005593838151,206.34756425784883,0,normal
196,54.97345381361123,0.5904537251297478,221.31024924519815,0,normal
197,54.43502400858574,0.58940408431539,209.5431465070201,0,normal
198,54.994878133279926,0.589140104377042,209.7752182798821,0,normal
199,54.66618623292082,0.5526542040410826,220.25620094494886,0,normal
200,54.66770156772112,0.5663772722583653,214.62530993490992,0,normal
201,54.943015767246465,0.5900173556662895,209.82622521249948,0,normal
202,52.59058490690175,0.5563516993185375,213.0653871423424,0,normal
203,51.938034018789466,0.5690002595033177,218.3525399304118,0,normal
204,47.949827898969005,0.5130393682269236,198.74711288877631,0,normal
205,48.6571863725573,0.4584263412747835,193.34215606390083,0,normal
206,46.65676972970714,0.41032758478837494,186.6713054523133,0,normal
207,45.24565303364366,0.42679584434958856,185.4211434184942,0,normal
208,44.79172061414905,0.4263766581035237,184.77752255577073,0,normal
209,44.83624742785384,0.37501492689413257,177.62731111728687,0,normal
210,45.915902542356015,0.45783772469542894,183.83449874804694,0,normal
211,43.84397815081509,0.4258588300741004,176.87898663708305,0,normal
212,45.70050447367222,0.47859441275637804,185.57139949608305,0,normal
213,45.980296660733686,0.5085219785506648,183.25580443287842,0,normal
214,47.172326905638016,0.40012573117978834,188.08888139720835,0,normal
215,49.708662599791985,0.4948681624624653,205.7338120479399,0,normal
216,50.53811543700391,0.5113261935710113,208.20006526023008,0,normal
217,52.63149333295531,0.5477261882324808,212.91302619900168,0,normal
218,52.34549432075007,0.5144467404344946,217.97752263311492,0,normal
219,52.83959129426204,0.48251372572368734,209.42613636591608,0,normal
220,54.106268202041704,0.5867593363422844,224.53994005131372,0,normal
221,55.07212592271656,0.4,223.001080908544,1,contextual
222,55.17657335845371,0.6078311412064554,237.0614240448878,0,normal
223,53.74524105921197,0.5352026440992967,209.0185546029355,0,normal
224,54.42061680055008,0.5334294187187846,214.23574094111362,0,normal
225,53.763762236071656,0.5869901627402779,217.14903808528936,0,normal
226,55.01747403753393,0.6078955570910034,222.05606641503067,0,normal
227,53.17093983679431,0.5923828953019329,222.43445426805235,0,normal
228,49.14675664944121,0.5922283213097055,193.24515318126717,0,normal
229,48.41852141293824,0.48223490481930714,198.19867824522237,0,normal
230,46.03655799816298,0.44498524831646613,189.9585470160619,0,normal
231,45.87375908010378,0.36359711515870935,187.01827548151837,0,normal
232,45.98547798466815,0.35536418766654426,179.13693022905102,0,normal
233,46.37622448944289,0.5066659621275245,192.54369198404254,0,normal
234,44.27091616225639,0.3392443342484626,183.23028930560264,0,normal
235,44.51622442848686,0.33812728499630507,181.0628203128993,0,normal
236,43.52258395133914,0.36849673296595525,175.11207424140133,0,normal
237,46.30180017352233,0.4215263828015772,186.3377407443112,0,normal
238,46.437585588140415,0.38362638644064373,185.35666339136478,0,normal
239,48.17646534712131,0.44828064600677114,195.90978705974845,0,normal
240,49.12313922183236,0.5439315703191524,196.64823115205434,0,normal
241,51.19983267126004,0.483696972983611,200.55670580827694,0,normal
242,50.74227160864337,0.4451618079545588,197.72612821043552,0,normal
243,52.06848866054175,0.5884994542558246,204.51377337390556,0,normal
244,56.45937413095048,0.6538023282159114,226.94815773654918,0,normal
245,53.54220655017131,0.539818199970993,214.0340470185092,0,normal
246,53.90321442154536,0.49895593762456125,216.68957665262516,0,normal
247,56.666542659766655,0.596099685373405,229.17023630679716,0,normal
248,57.23519418816261,0.6419686619207886,225.80417212306605,0,normal
249,52.363967277107434,0.6055629500363398,216.78416995015647,0,normal
250,52.13175104321198,0.4908059221207567,207.18845003761055,0,normal
251,51.63565077645308,0.528487021453488,204.37546818190478,0,normal
252,51.728697644405585,0.5683311858828566,209.3267217642846,0,normal
253,47.719047696059185,0.3353175869150877,181.69363977236137,0,normal
254,47.25472215405787,0.4967837514781025,185.0662163676169,0,normal
255,47.241803670129016,0.38571354479225844,193.87257867397523,0,normal
256,46.10463905554444,0.4386925557837355,175.7314465768672,0,normal
257,44.79421479732456,0.4082184534270283,184.764730173964,0,normal
258,44.86617703548396,0.4515528602828714,187.0203909737315,0,normal
259,43.79547506018466,0.4034557202483702,173.3346235516199,0,normal
260,45.43169923710314,0.28976946015556376,183.1858607855441,0,normal
261,46.19807860405828,0.3847226097233661,190.38774984048825,0,normal
262,47.73216988962626,0.4615536542601893,188.59473361828745,0,normal
263,48.15057755566836,0.4532625568073779,196.94118782530435,0,normal
264,50.47153852254516,0.5333113069387417,198.53041011452729,0,normal
265,52.30681104333243,0.5856045486501339,206.83923270666384,0,normal
266,52.655429327668436,0.5835311733748526,206.62503498904888,0,normal
267,53.88729031433195,0.5670320591589157,217.2623972533018,0,normal
268,54.383282366500055,0.49534879677397703,223.32297472882797,0,normal
269,54.82971352453674,0.573820208047994,218.39828943756115,0,normal
270,54.27844196645715,0.6063872467360908,210.7575220662666,0,normal
271,55.14612339311866,0.4,215.17095946104055,1,contextual
272,54.2328404205087,0.6162205449162528,218.9043587888875,0,normal
273,55.628702214863345,0.6579937091606322,231.7353909264247,0,normal
274,54.073354902475224,0.5878104468642966,218.26204460647287,0,normal
275,51.67994177806911,0.3804098422457623,204.78528435902015,0,normal
276,49.236942790305264,0.4208344376705151,200.7786909954725,0,normal
277,47.593493302503965,0.5461793239778834,189.17648003208214,0,normal
278,48.69114295308888,0.4464959694103587,192.87314572553447,0,normal
279,46.72721531921443,0.3353371452278388,182.1165657483814,0,normal
280,46.15001638446942,0.48476269710490194,191.64230975910945,0,normal
281,43.425784881580476,0.3691834772087932,161.0070999388436,0,normal
282,45.927438481558184,0.4737957940790499,187.6990499276291,0,normal
283,45.62479120676902,0.4263437578963486,180.1804401380884,0,normal
284,44.55944229666335,0.4141168027438754,176.18606552939534,0,normal
285,45.99294128661732,0.43800928811807216,192.43334092705834,0,normal
286,47.76371720435649,0.4901487596831797,187.4842133564257,0,normal
287,48.75837157284365,0.589038953884678,191.63314052123255,0,normal
288,49.70782881419643,0.542706893081888,198.17934406218808,0,normal
289,51.190606957446604,0.44479517325665535,206.8316647588476,0,normal
290,52.24802262179311,0.5672935281998074,206.7828115757081,0,normal
291,53.68809641803519,0.6308359667658646,206.88309101946132,0,normal
292,55.80161899191532,0.6761674201651137,218.87798506325245,0,normal
293,52.26297069051404,0.5239291646573258,215.45855204437873,0,normal
294,54.763149735490316,0.6535102169692127,219.42648288763883,0,normal
295,55.006141552817795,0.6465099510339162,222.2800026297903,0,normal
296,54.6261210086093,0.7211482920206725,217.19737799857202,0,normal
297,53.16361932461143,0.5257722996798031,209.35698881757938,0,normal
298,50.74327821752143,0.48949553553040726,211.36096011946276,0,normal
299,51.622090709226754,0.5171358617615374,205.5474035516516,0,normal
300,51.72735021416418,0.5100358967813449,204.6925514590211,0,normal
301,47.172043369571284,0.3989398299032455,194.16888531006182,0,normal
302,48.36382801369824,0.3291427849902776,189.84351026045604,0,normal
303,65.58249057385834,0.40098384373273077,181.5701267649075,1,spike
304,45.60854863524898,0.43063887568997483,182.4854279610804,0,normal
305,44.11747235785071,0.3576883548817186,176.47123995184373,0,normal
306,44.66554382764412,0.49007993572933795,179.96023205009257,0,normal
307,46.47041546325362,0.43007709990086557,196.34000729999192,0,normal
308,46.25252822306551,0.48960201722051694,186.6913541240239,0,normal
309,48.19677769947718,0.477006574626042,180.89684098415472,0,normal
310,48.6774118889777,0.5148686032742169,196.3411422730686,0,normal
311,49.14499145341695,0.4968619067650171,196.7693657861158,0,normal
312,51.74393452616774,0.603317922118533,207.19298822642824,0,normal
313,51.73308838425089,0.5374587351916379,208.16209008398442,0,normal
314,53.32798817679703,0.5913657989403798,213.1685612688141,0,normal
315,53.23896295239803,0.5830959057304629,212.6927913443152,0,normal
316,54.39667283478139,0.5735191837892618,220.6519123879795,0,normal
317,54.13220530814507,0.6028932221091351,213.81841724660777,0,normal
318,55.989583934594854,0.7315109910017812,219.21990406018355,0,normal
319,53.65132550833049,0.5595066630618377,229.7242092964339,0,normal
320,55.11247736133985,0.4,216.87062222645324,1,contextual
321,53.344882848427595,0.6297866045120241,213.88024595601075,0,normal
322,53.671247093467365,0.6304376059165614,207.2066871194926,0,normal
323,52.04496421424387,0.5414851051708457,208.7621989322326,0,normal
324,51.820646157646834,0.41724348800506855,202.61645687714065,0,normal
325,49.4366794656261,0.5145687302449453,195.53435314825435,0,normal
326,45.92795974434677,0.3075854819557828,188.9371623062427,0,normal
327,46.397512921169046,0.5014471199704424,187.95009952656656,0,normal
328,44.497865788483026,0.39843100932932357,180.8335107768062,0,normal
329,44.652091026188394,0.44302552151736735,169.75233991279427,0,normal
330,46.51122843327672,0.38511901175648183,195.22938958225194,0,normal
331,45.80790467945235,0.33853271992404427,177.27221216310002,0,normal
332,44.97094255249907,0.41245657025703975,187.5265742814656,0,normal
333,45.450748727626866,0.4073348025547302,186.9107142404149,0,normal
334,47.532782092876296,0.4260786005496676,193.0177920804286,0,normal
335,47.489344625106206,0.4540199565387623,185.68245459588292,0,normal
336,49.328859722603404,0.6249489890536811,198.07338811451123,0,normal
337,51.606104697063806,0.573848371309729,204.06981173503092,0,normal
338,53.65531203610669,0.6255811710152999,214.76644600195323,0,normal
339,54.14429537815715,0.6250827521408109,215.3278202172008,0,normal
340,52.0388375103241,0.6147498573990916,197.96229750843435,0,normal
341,55.13399586047557,0.4,226.14490419682522,1,contextual
342,55.07203357323258,0.49870260608088696,219.88259851018353,0,normal
343,55.24351941681804,0.5954410816860602,218.55007566976096,0,normal
344,55.94633670057341,0.6595135195112933,220.9837106381448,0,normal
345,51.472295629127984,0.480955892826806,207.68148039834577,0,normal
346,51.90889657480891,0.5293596339717116,203.16680460776325,0,normal
347,51.88500154830593,0.503111543816003,196.2641284008535,0,normal
348,48.41840560054613,0.5434695746030791,195.7092714182259,0,normal
349,50.18185382254093,0.5411099272211467,203.32293027994783,0,normal
350,47.86835661270071,0.4899441632862121,190.47526732741466,0,normal
351,47.31105007991067,0.477301067254262,183.50468594369264,0,normal
352,45.098929319556035,0.40011612376351435,180.84039498267057,0,normal
353,45.984134558520864,0.42956050529679246,176.61387639251552,0,normal
354,46.068471555989035,0.3621102020931648,179.13773324051783,0,normal
355,45.40324888869181,0.2987428788363079,177.85950587224644,0,normal
356,45.904273873776496,0.42558953399278115,187.83679084956376,0,normal
357,46.73480933334896,0.4508956994805865,185.12618258121125,0,normal
358,46.63665473526062,0.49319632312648126,184.30728688216018,0,normal
359,48.558376094247016,0.5497343126890587,204.0069669540443,0,normal
360,49.847477467547655,0.5754494736009004,201.1522223561342,0,normal
361,51.677489089866015,0.4836486021326264,208.4049289118382,0,normal
362,53.49982424691026,0.5523832331907167,212.15079326159716,0,normal
363,52.47699782395433,0.5735566712731556,206.92613295763343,0,normal
364,54.20511798860261,0.7106975936591611,205.88843975432468,0,normal
365,56.31108467910432,0.7002266537677821,230.08804137603508,0,normal
366,54.25641177118744,0.6410980935236679,219.26719561353164,0,normal
367,54.00737911415501,0.5607581845056356,215.13368649055298,0,normal
368,54.53243321075342,0.5464886826573121,217.4435993338324,0,normal
369,54.37991909641807,0.6270437760975234,221.20039769697755,0,normal
370,52.511426055560705,0.4951954578994961,202.27215385684354,0,normal
371,52.623055815949606,0.540539298769977,207.5428166060294,0,normal
372,50.856793982566565,0.5113969822012352,197.7456616158036,0,normal
373,49.54772484137746,0.5706001012836895,207.04844577794356,0,normal
374,48.05411650132405,0.4433474648784972,196.5947436645627,0,normal
375,48.79211919441338,0.3538799019596368,10.629986636647573,1,fault
376,45.46471129221177,0.4345164582273588,174.2900370356472,0,normal
377,43.16684857648816,0.32838587887456683,172.0056659391652,0,normal
378,46.60425436151714,0.4342166384522302,184.05481638570646,0,normal
379,44.712671437597834,0.3899181937098505,172.2287747100069,0,normal
380,45.77775342542085,0.40186986871752856,192.83482488993585,0,normal
381,47.77401677892773,0.4949973646677898,192.65876668562382,0,normal
382,45.897740458941044,0.3413115652611855,185.96504345007963,0,normal
383,47.454257560381194,0.42323443995990584,186.3569554953637,0,normal
384,48.39872206288113,0.5021763369134916,3.6857412446978044,1,fault
385,50.49995893548721,0.4792949399425257,200.09767193703877,0,normal
386,52.93963660601699,0.47835239665684115,210.34183055553046,0,normal
387,54.05972174874554,0.4,219.29389679410846,1,contextual
388,54.606401198250715,0.6482827554870912,210.28061696770135,0,normal
389,53.41686324755297,0.5660875045689091,221.65259228946678,0,normal
390,52.689896563367355,0.45575565134387047,211.6715323270888,0,normal
391,54.883982716835725,0.6329781416716552,225.94065191124503,0,normal
392,53.85835098528388,0.4941726256346931,210.05630515804143,0,normal
393,78.07425090583527,0.5953383573953952,211.36385309045642,1,spike
394,53.201953626221346,0.5196658812873189,206.99831339688632,0,normal
395,51.432336657571334,0.47065476886307833,206.98083499360953,0,normal
396,50.760133085375855,0.4931071608535327,203.37044885109466,0,normal
397,48.93511614860249,0.4695374451506868,193.41840549825406,0,normal
398,48.030064705601454,0.42839088159270666,187.04991285797942,0,normal
399,45.759792831197394,0.4446310205347054,176.70618997613536,0,normal
400,45.490261567246336,0.387501762421985,181.71862676663207,0,normal
401,45.36714696521163,0.4563524828878237,179.1406539629035,0,normal
402,45.82052847541742,0.4304692277905223,179.85407893987838,0,normal
403,44.77662969633007,0.360654733596786,186.84196621597832,0,normal
404,46.19104023680991,0.3805238105445839,184.35253255627597,0,normal
405,46.198627302151856,0.3415977310906652,191.14472387824205,0,normal
406,47.38245783267187,0.46218581554677846,186.863570417274,0,normal
407,49.53542381651151,0.4729790989676623,199.36557668503931,0,normal
408,48.00693962894579,0.34152901617574005,191.75037843450147,0,normal
409,49.99762289743783,0.47316671431028656,191.5023800421607,0,normal
410,51.017814602557145,0.47530459058839525,211.21294994154815,0,normal
411,51.20191778608444,0.6028222353302218,204.13190310917565,0,normal
412,53.651862578767,0.48789832098067454,12.006527840354336,1,fault
413,55.579063031173085,0.5395137206367591,218.55610851238455,0,normal
414,54.715115933617426,0.6498008008276335,218.0362418265709,0,normal
415,33.25387292223612,0.6683865421409423,215.77541505393205,1,spike
416,55.419344515632986,0.5711377433763776,227.8573704763489,0,normal
417,54.863220038200446,0.5656601096235634,221.00992689005517,0,normal
418,52.43086206527385,0.5794290111331426,211.55871589449984,0,normal
419,52.64768111508201,0.43659863245437464,9.774809986728744,1,fault
420,50.09212665843408,0.40878284894340383,206.15021311823145,0,normal
421,47.86850655066,0.4433334609706644,195.30073888332143,0,normal
422,46.90559964780129,0.5156065212624821,180.51376185601785,0,normal
423,44.98392958150228,0.37789208722170864,176.4573227284257,0,normal
424,44.78173912734416,0.40068162213364095,174.10751582931988,0,normal
425,44.81235418048024,0.4529365472378054,182.88708519004996,0,normal
426,45.8035850193786,0.5214159370514794,184.06759978626465,0,normal
427,46.89114069972065,0.4089803903369974,180.61200063072963,0,normal
428,44.28769146570074,0.3849119931273435,176.20704479774682,0,normal
429,46.85729356232717,0.5282486323136856,179.9586125707148,0,normal
430,46.459456060842435,0.3530791574572773,185.57204180302094,0,normal
431,49.1806018629506,0.5349910907867031,188.4455449318665,0,normal
432,49.86891334931225,0.44646249036818214,202.11979086417207,0,normal
433,49.46318939966509,0.4943874063484596,199.74257072883074,0,normal
434,53.428296991568416,0.5564349874613546,223.25293043300806,0,normal
435,52.93053319312398,0.5107100838274181,215.9614992199826,0,normal
436,53.79622678054861,0.5267694392280584,213.07033584308192,0,normal
437,53.759876720155646,0.5890182526158007,219.129857346995,0,normal
438,54.34571672331244,0.636691300874383,210.39454748852387,0,normal
439,55.25751957214026,0.59866358128338,216.21771527015562,0,normal
440,54.14088267798577,0.5863233114963763,218.22924337231865,0,normal
441,53.86419590821526,0.4,204.6655353191214,1,contextual
442,52.861921853928855,0.5086574984279291,211.261883491046,0,normal
443,52.61475688104082,0.5892797630414626,205.35771106357117,0,normal
444,49.65721384913563,0.5341114318356999,199.13539067230883,0,normal
445,47.2290469576417,0.5747622540903545,183.52750604033048,0,normal
446,48.56722241657197,0.45253923880346036,196.39013035356385,0,normal
447,46.132977921970074,0.3997554683559951,184.62854880621725,0,normal
448,46.784465425655206,0.4741376020917914,194.1396912870275,0,normal
449,45.553747981737125,0.4520301680803494,182.2486645974566,0,normal
450,44.86886246979665,0.37062289172709745,175.63223585437927,0,normal
451,45.51914676260096,0.39022480140551674,180.84215777126744,0,normal
452,47.6208855412041,0.47947425273498406,183.76236017973275,0,normal
453,48.54144662312104,0.42944972042568774,196.19647276601137,0,normal
454,47.569381135132716,0.43086092330190356,193.22677577210723,0,normal
455,48.86609536780444,0.48180154572451056,207.81036165468186,0,normal
456,51.07624015746633,0.5713217373904395,201.1957806768433,0,normal
457,50.44843419274524,0.4787387530459277,200.45476390260504,0,normal
458,52.83307037261822,0.4645421843508308,208.4534888682818,0,normal
459,53.509671057978885,0.4743635477836672,215.09925273757165,0,normal
460,54.644035230379764,0.5299100512722885,220.4845935939171,0,normal
461,53.996260325495925,0.5142668205999217,215.71816707984115,0,normal
462,53.41043250669103,0.5604781122028252,219.0733596111293,0,normal
463,52.75664569545406,0.49568890622920103,207.94168526304236,0,normal
464,53.212742905932586,0.5291171101275916,217.7818418631839,0,normal
465,53.07685862099343,0.5228328781707661,214.99992375217911,0,normal
466,52.206808413351226,0.5221107752246248,208.76708405391017,0,normal
467,53.231326387942204,0.4,211.3506223479831,1,contextual
468,51.10599336990734,0.5552172468696726,216.5573122732862,0,normal
469,47.74381365814584,0.455682743926717,186.89021137887295,0,normal
470,47.84770845245098,0.43390285501997766,192.880499694646,0,normal
471,46.057387857716925,0.3994861243231874,180.47845607965704,0,normal
472,45.38550914303772,0.4240975063583519,190.47014031525742,0,normal
473,45.35569651797003,0.4363223840270151,185.85691771587614,0,normal
474,45.619171116975394,0.3670025470344778,179.08493507369585,0,normal
475,44.83111238467063,0.3984462854741242,181.88742450583868,0,normal
476,46.73372451381214,0.3330935118430915,188.22337666163133,0,normal
477,45.32252786792485,0.4170362465670268,178.7069876618257,0,normal
478,47.50633906236223,0.4882342433451789,193.81617733558977,0,normal
479,51.30357850108323,0.5120681386776208,207.16084095985497,0,normal
480,50.22307974262518,0.595287944659509,201.97081253993048,0,normal
481,52.72730973211872,0.5104842722705719,210.69964037226325,0,normal
482,52.5915201781732,0.562702424328627,212.52135317569105,0,normal
483,54.1163110012625,0.5805349826919523,217.61218231251232,0,normal
484,54.273343824529505,0.5804519931184198,217.3888419632431,0,normal
485,54.65922155028113,0.5874683226053853,215.4318066211867,0,normal
486,54.22051760327458,0.5897656035659652,225.3509016169108,0,normal
487,55.25993049040291,0.6475965469812431,215.78762224486888,0,normal
488,53.47858982973644,0.6384586084084661,216.0525404133445,0,normal
489,54.201119142246206,0.5839098706197162,215.20327285747766,0,normal
490,53.58528700444593,0.6124715436975002,223.1388843650302,0,normal
491,51.66062663274982,0.49812418534165726,202.12509384488007,0,normal
492,49.71375126644438,0.5325727979651993,195.17868875697587,0,normal
493,49.15987035379612,0.44509783088457294,191.79039109887538,0,normal
494,47.19132694445358,0.4983595356934782,190.38263303256736,0,normal
495,47.400013219532376,0.5585323082603095,182.7347995802863,0,normal
496,43.838466896862705,0.3706651435386845,172.96122511366198,0,normal
497,44.83476350043602,0.2870680954683499,168.57722488747265,0,normal
498,43.009188004876,0.33278011343527886,173.23885879014446,0,normal
499,43.67531003832744,0.43509995748101393,172.20016585952845,0,normal
500,47.033735210891706,0.46832854356909637,180.69465712390755,0,normal
501,47.359651076038965,0.45963870145453073,194.86665131902615,0,normal
502,46.780519766715265,0.48604381313204725,180.58374457493636,0,normal
503,47.20340131844647,0.46829069833135045,192.79832372392696,0,normal
504,47.03547116215836,0.501595682615724,184.63668052869443,0,normal
505,50.75059971757988,0.5609831781839469,211.01025575979665,0,normal
506,54.92041501224736,0.6744933228817951,223.42941274362016,0,normal
507,53.97041817739638,0.5973481677432404,210.8414333552154,0,normal
508,53.770554732872725,0.6206740647321523,210.49680617043936,0,normal
509,55.29470934094564,0.5905378331646235,224.2064633899041,0,normal
510,53.43904164700556,0.5387077923621608,212.4442759344714,0,normal
511,54.53230576874774,0.6759844973959035,217.28251053988413,0,normal
512,54.429604491937965,0.5994023236548938,224.07961227661235,0,normal
513,53.44943325411171,0.6092326933753531,210.05428864959705,0,normal
514,53.29080612169007,0.572003123154371,213.61969334763754,0,normal
515,51.6387404517486,0.5034490264889739,211.32810077525593,0,normal
516,50.66832601810804,0.5139156649912808,206.71889151436017,0,normal
517,48.01753249225664,0.5321503507335186,191.2720666314232,0,normal
518,48.39781540841064,0.4957183118821839,192.14673222937927,0,normal
519,48.093403041691296,0.376294402847303,183.67953485416052,0,normal
520,44.6997234614264,0.3832322463997203,173.51766888237964,0,normal
521,44.28267521284009,0.4747681938920374,178.72249698423403,0,normal
522,46.33578433632023,0.41602584363390677,184.65372640056975,0,normal
523,44.97902688185959,0.3095566030504827,180.29074292026948,0,normal
524,47.07369437314437,0.5361263317340146,193.4910455407478,0,normal
525,46.02193038217502,0.45455823313414007,178.1511059833887,0,normal
526,48.95504557627068,0.47560026858477356,194.63928079391945,0,normal
527,48.83739059129285,0.45817692502175356,196.2931171822275,0,normal
528,50.25822882332274,0.5592821729560415,197.5121156054184,0,normal
529,52.858813247182454,0.5300770949323395,14.188416171984004,1,fault
530,52.13822952255582,0.6001774116769157,213.09585209828901,0,normal
531,52.5944118100077,0.5789980004863668,211.82831387547458,0,normal
532,32.48083611496302,0.5898653524922435,224.49741014021816,1,spike
533,55.281963082088474,0.6129150019085493,213.63337593030317,0,normal
534,53.43424092781949,0.5599364167206808,8.060975653405421,1,fault
535,55.467100034096454,0.6616240066923924,223.7000849810561,0,normal
536,53.79135570130447,0.5325599724209976,210.59264757124825,0,normal
537,54.6833465666663,0.5125706749918155,220.23695897575385,0,normal
538,50.105739695099615,0.532836800046616,194.89004631145906,0,normal
539,50.50752945040849,0.5417125054115272,205.48290439300524,0,normal
540,48.313531848765905,0.49028269460090645,198.54330123570816,0,normal
541,47.87967530812341,0.47797992464337014,192.88036823813528,0,normal
542,47.747665901109,0.4389262991053026,181.72667452911128,0,normal
543,46.28523946861752,0.4650789245916266,180.3069902686399,0,normal
544,45.41649541212978,0.40605200190486845,184.48953166458492,0,normal
545,45.011185997174614,0.3758680419027334,180.1507372062603,0,normal
546,45.203388240619944,0.38847319919962886,167.34353987401732,0,normal
547,44.16183482661155,0.4842686814710227,182.8614912257874,0,normal
548,46.37672262197688,0.340785648337266,186.19017301917668,0,normal
549,47.12713206445271,0.4675320465038441,184.41315493781062,0,normal
550,47.885037937656094,0.373745237371936,196.51492973845768,0,normal
551,49.262438217238554,0.47983709742862246,193.66205280441972,0,normal
552,50.29641800080859,0.48424698575846253,197.7434114152133,0,normal
553,53.329168528243656,0.46233195573087915,215.1084373680448,0,normal
554,52.41290582894751,0.5677099961006383,218.55681561200151,0,normal
555,53.228450687598205,0.5455671106423543,221.03173864025726,0,normal
556,53.5765994385648,0.4,216.10495524877973,1,contextual
557,38.48345026166853,0.6179257337560627,217.50139413772163,1,spike
558,53.75552821239892,0.6468608731474252,218.9796075100198,0,normal
559,34.08540772966306,0.6533228534791173,209.478408896011,1,spike
560,54.25944663727012,0.603136754777976,220.2585282348404,0,normal
561,53.869829034430424,0.5796994876174643,211.80894879700406,0,normal
562,52.551142058552216,0.6174306722158341,211.79695856819177,0,normal
563,50.52855994808291,0.5946903782286631,200.97690165429495,0,normal
564,50.90018456402009,0.5746821264241829,206.10677989165143,0,normal
565,49.44531744678842,0.4418294688242784,198.37178711218598,0,normal
566,47.34035169257801,0.45687427651230633,173.99625541620554,0,normal
567,45.81154994940254,0.43820680620262226,184.14065835613607,0,normal
568,46.21830090190758,0.3338851695922902,188.08396836912664,0,normal
569,45.358344456040776,0.4306349221018542,183.66301956585536,0,normal
570,26.392081249790326,0.48468704611066854,173.69456123129692,1,spike
571,45.10239061257023,0.4340446205414442,188.62037090993297,0,normal
572,45.93190879315216,0.49230882993513103,185.28450081821694,0,normal
573,45.56477130757949,0.42044116265802506,184.4474517312835,0,normal
574,47.68984339283747,0.45013595165755826,195.98183304160273,0,normal
575,47.251082289229544,0.46408521528863966,190.81729415540116,0,normal
576,51.33618610001214,0.48593238960102125,200.85465563297754,0,normal
577,52.54204521057205,0.5026521448497215,197.97649377339008,0,normal
578,52.247482665696964,0.6082648811724076,206.60432615269744,0,normal
579,53.89898824377178,0.6465968820187615,219.40068060449272,0,normal
580,51.92020505312232,0.4888487852830788,205.91533855540024,0,normal
581,53.67328147118002,0.6218655696512936,218.69901774612873,0,normal
582,54.70622107984787,0.5897764228166564,219.56852519899286,0,normal
583,53.75749611001849,0.5921403509248913,221.47031479138488,0,normal
584,55.04452350155291,0.6239014020028114,218.70201047060834,0,normal
585,55.53283043668078,0.4,224.46939587956157,1,contextual
586,51.32338528057072,0.5306036157045738,207.82296644495966,0,normal
587,50.45663182142739,0.5796407361936446,209.33453664886554,0,normal
588,50.235448368309875,0.5201796093541937,192.4086069415681,0,normal
589,50.317020922987055,0.5375496320832177,198.97604231918243,0,normal
590,46.277625687460095,0.38388938417233953,189.3530832767829,0,normal
591,46.71350221637427,0.5422029948627272,194.58349126439035,0,normal
592,47.49117183189094,0.4733146827980671,191.16504489077414,0,normal
593,43.5186117203754,0.4060221056747629,172.61092605939416,0,normal
594,43.718930793154165,0.2939693253025062,178.6613150159889,0,normal
595,44.746764262093805,0.353800184087921,183.33057042453365,0,normal
596,45.149284568222384,0.4648798757603842,178.798829879553,0,normal
597,47.27706738182082,0.45988590355104664,190.75980608817102,0,normal
598,47.74165971982077,0.359144207654969,196.86927519134292,0,normal
599,46.93094271484523,0.49053335074609555,197.17606582575317,0,normal
600,50.51541040290082,0.48311906784038017,205.77466640777973,0,normal
601,33.46003240903985,0.5848969760569755,203.08691983595597,1,spike
602,53.7744472169412,0.5710971604086389,214.82741298757526,0,normal
603,52.90794636949581,0.5683942616909428,214.41876826395136,0,normal
604,53.693511735819904,0.6328179636459805,214.19568273088237,0,normal
605,55.37076074224986,0.562540566302264,222.43124546411136,0,normal
606,55.76292648233694,0.5656161892550418,217.76232460669337,0,normal
607,55.27772849538154,0.5957296488877254,227.59619996398195,0,normal
608,52.64452970153742,0.5942492340118096,204.8771951704063,0,normal
609,54.07356834586102,0.5149275042865459,214.13371458117902,0,normal
610,51.46569194832559,0.445912108972057,206.35073409756143,0,normal
611,51.529371337100955,0.5717734730942087,216.07241974784702,0,normal
612,48.57626556460099,0.44137639566366954,192.19164733414232,0,normal
613,49.152226922030465,0.4634332377945951,193.2788286183199,0,normal
614,46.6934010956926,0.3410275018168437,184.01951979610143,0,normal
615,45.181831443806786,0.36968766315853663,189.02181161328372,0,normal
616,46.38369311756021,0.42729549751964674,171.47303750271075,0,normal
617,45.412015390231446,0.4547592006857736,176.63437150018285,0,normal
618,44.386023198607106,0.34915895566041016,191.2005363402262,0,normal
619,46.62154971757571,0.515299800363139,189.44060923776104,0,normal
620,45.229220559508065,0.37035660998117126,175.38695749133615,0,normal
621,46.49657376803823,0.3957768852815059,185.77670516127907,0,normal
622,47.76891344767856,0.5322461465484613,191.41292662105354,0,normal
623,48.08623884035878,0.47229778442537146,196.57558159096317,0,normal
624,50.47113629339983,0.4818214894174178,211.08205518771214,0,normal
625,50.760642878347824,0.5074562010079268,204.98532991978738,0,normal
626,52.08836167778378,0.6094209124327785,205.65450519607032,0,normal
627,54.89817654573609,0.671273671896006,223.5281283934354,0,normal
628,53.289540966409724,0.5249511603646817,209.66690038132458,0,normal
629,52.41684880051584,0.5462152855063613,204.5007077221182,0,normal
630,56.6109369950119,0.6367265812836166,217.64420362026536,0,normal
631,57.37895708405237,0.5982671361552174,221.69018636370745,0,normal
632,53.92485775347288,0.5757129024369578,211.21720523327016,0,normal
633,51.59869586531255,0.532240060328836,200.50583462274585,0,normal
634,52.18951602380402,0.6008007944229171,210.32424673208965,0,normal
635,51.007872275671986,0.5805286969289998,198.03447997356776,0,normal
636,49.81007615897776,0.4797410532616047,183.5219731257873,0,normal
637,47.592516732565656,0.4411526774582725,185.1505080573153,0,normal
638,48.07956114247654,0.49480583795231264,189.95894633129907,0,normal
639,46.98897346935337,0.41052004694071675,184.92864643805365,0,normal
640,44.1754673612585,0.4129413548120401,184.2994928415799,0,normal
641,26.50597812592389,0.4129960276365299,180.41055760455237,1,spike
642,47.05268498194589,0.39258377075198675,192.61535724377953,0,normal
643,45.342331200991715,0.359004788375852,181.27441180556255,0,normal
644,45.33254781900925,0.47900389118174014,181.11866764767402,0,normal
645,46.322462879659696,0.418628183636029,181.1129500743986,0,normal
646,48.11525676696855,0.5443228400342865,192.16711380997037,0,normal
647,46.9752331689802,0.4138228503438586,184.07545204143372,0,normal
648,50.16439070297723,0.5178480741161192,201.50768438318178,0,normal
649,50.903631276049765,0.6377064616719074,202.4332769410806,0,normal
650,54.34782501295594,0.5340871630259547,212.66816038586575,0,normal
651,53.36136117212772,0.47233649844756564,218.40491638701386,0,normal
652,55.99801463004169,0.6842897991651954,226.12626092027386,0,normal
653,53.725888433663336,0.5331773134036131,212.6632400639421,0,normal
654,55.587259166802795,0.6107098651307442,223.07650190238772,0,normal
655,55.14902939523659,0.5736846773821525,220.17700497343654,0,normal
656,53.461079771057484,0.4,209.50636439791356,1,contextual
657,53.71293002056966,0.5267317900521061,215.20420122738446,0,normal
658,53.712518836831656,0.5652533723424679,211.74501657328975,0,normal
659,50.97030352122603,0.5418968367523473,199.15654490680362,0,normal
660,48.30803735083036,0.4157453027028941,185.1183127519888,0,normal
661,48.68834194800989,0.4387626374779034,192.9603310243464,0,normal
662,46.59757690520752,0.41458239642422373,189.22516091874868,0,normal
663,46.12212515540348,0.3510017313967557,181.01520385471963,0,normal
664,45.58828521139266,0.39063765508791587,194.95668430636047,0,normal
665,43.464718652539155,0.37523420004592817,178.2873028784203,0,normal
666,43.384341660679326,0.34770938613416513,180.05901730601968,0,normal
667,45.65243770408015,0.3994799294350168,186.5859658766894,0,normal
668,45.14715428490816,0.40194800215283394,189.85294201432552,0,normal
669,43.899721752246684,0.34520726192331797,1.7773432836047953,1,fault
670,48.28484403660803,0.5002500090255044,180.335689218139,0,normal
671,48.97827452976156,0.5513643968353201,193.68247007728183,0,normal
672,49.286125175963484,0.46250348390949725,199.93559358159163,0,normal
673,49.977265014454375,0.5238052118629729,200.6666449165574,0,normal
674,53.33580789631426,0.5547353001545529,214.72059464009595,0,normal
675,53.88488452849323,0.5959720578217899,222.14408812732228,0,normal
676,56.71272930160627,0.4,228.76120507873756,1,contextual
677,55.24981773017025,0.6304293317543099,224.9938355586361,0,normal
678,55.387703141262016,0.5190833358847563,216.85299885578428,0,normal
679,54.66270120133678,0.6159538055990836,213.17383635926694,0,normal
680,34.8130228777735,0.6645812448879099,228.65818115961434,1,spike
681,54.16061910718094,0.5721325736437137,217.1469841044591,0,normal
682,53.751725008565344,0.6248162404771985,211.8907541170307,0,normal
683,50.77277230687531,0.480949669079909,199.98411675976564,0,normal
684,49.56459252705612,0.4170148925650087,195.0127545000332,0,normal
685,48.22680160357545,0.47159448301314105,189.3624113090726,0,normal
686,48.29080172117899,0.377992198386264,186.74746787169764,0,normal
687,47.96284053436396,0.4472682600425997,184.3492601263533,0,normal
688,45.211032487928534,0.46856276289084586,179.86910806344204,0,normal
689,44.74559714076161,0.2994237975279182,176.01775921144446,0,normal
690,45.3140772238698,0.34230670468170116,186.79210532269568,0,normal
691,44.92460936854174,0.3468905751127559,181.16382074050154,0,normal
692,46.62192663421769,0.42927253969880574,187.81429493726066,0,normal
693,44.212688803448124,0.365967936786652,173.13515317602025,0,normal
694,46.67329495308316,0.5034227181464676,186.08803773343274,0,normal
695,47.92348844052591,0.506187185265103,193.49895928026083,0,normal
696,47.679643987613716,0.4783565270557042,194.29955464901823,0,normal
697,50.330456781143845,0.5138906513400712,200.85236799198356,0,normal
698,51.584843884154026,0.5513583665323218,211.73499443323715,0,normal
699,53.3344292514139,0.5235894672626092,213.3776635501953,0,normal
700,55.4430929105824,0.6517223758894787,225.736607234918,0,normal
701,54.58456848025465,0.536089156887133,215.88901287807286,0,normal
702,53.969186279728845,0.4,206.8138032860722,1,contextual
703,54.772674590231844,0.6547606169105784,220.43249330102,0,normal
704,55.37930064036358,0.618129242911676,225.14382287718746,0,normal
705,52.55957508981786,0.5423808488482584,213.1150370183093,0,normal
706,51.58942511607855,0.5518039977370547,208.4686337715014,0,normal
707,51.852644184786925,0.3939769651907048,205.66764190937278,0,normal
708,70.76534198931562,0.5106821886096553,195.0801242798485,1,spike
709,49.353389465196884,0.48140008941194734,200.17219920600644,0,normal
710,47.4863532082048,0.4471956585112464,192.07764991381057,0,normal
711,47.166129742156876,0.4786492204880289,185.86002351440837,0,normal
712,44.63479486703717,0.3889574512625071,184.08630041410896,0,normal
713,45.15828621776639,0.34615538152276987,176.21881729832756,0,normal
714,44.78930998563684,0.3887160661714679,176.23962304859216,0,normal
715,43.954479944450554,0.3824673730930523,184.00004583951053,0,normal
716,44.10639503320912,0.38787459624323295,180.76848982150602,0,normal
717,47.15021512934186,0.4511002709510906,186.81081398791233,0,normal
718,47.14904761778198,0.4949494046015673,190.03309401934567,0,normal
719,47.68362449284006,0.3993707622050938,191.50845919397943,0,normal
720,49.903821063076705,0.5068614440697766,185.88721492741993,0,normal
721,52.422114082861846,0.612938766588149,205.15608658408047,0,normal
722,50.219262154627934,0.41765466824569897,200.62281553296532,0,normal
723,52.038895216029424,0.5497602383595912,206.37252348132117,0,normal
724,53.40724057702689,0.5388758864418857,214.86447513225966,0,normal
725,56.29080799816566,0.6072806407396579,230.81064355740224,0,normal
726,55.2825869829193,0.5604113644976648,219.52266900840755,0,normal
727,55.596946371906554,0.6034613916531089,217.0995115070119,0,normal
728,53.18996609979599,0.655862102717265,214.38412269173918,0,normal
729,52.415998030662315,0.4850984425543856,208.03087545481026,0,normal
730,52.947813716722685,0.5004757742105124,211.01093736278122,0,normal
731,51.35236955644811,0.46195066262078693,203.95060963002706,0,normal
732,50.548738818864145,0.597345690708688,213.4041442755115,0,normal
733,48.518233783559054,0.4472476903951167,182.8694138292465,0,normal
734,47.77814372645457,0.45428092151170774,189.17090539015507,0,normal
735,46.62258517897239,0.41231255652413584,186.47189558764762,0,normal
736,46.4476403701628,0.38173166348310145,181.88484901923732,0,normal
737,45.97737915049911,0.40779005067926044,188.40864576263786,0,normal
738,43.38012800560823,0.4905147403989925,177.5868004160311,0,normal
739,42.9231023132138,0.42806559231298885,171.45363616041251,0,normal
740,46.671618378729264,0.39078547668497166,185.33310473819859,0,normal
741,47.65219118732926,0.4854225288996694,190.0489805781588,0,normal
742,46.47937698048665,0.3880114009764141,185.39357465370753,0,normal
743,46.84606936794166,0.3481030054165221,186.9924123311378,0,normal
744,50.09903482100713,0.5529562423033741,199.45614377644452,0,normal
745,52.22493345186311,0.6025033113694397,210.1619803804144,0,normal
746,54.29759452243433,0.6382545030010817,220.95643841387664,0,normal
747,54.051831478034124,0.5575433670997039,210.0560251741436,0,normal
748,53.95841032233655,0.5708294197466316,210.58032179318045,0,normal
749,53.936498509860485,0.6162182478801159,207.00340389202432,0,normal
750,55.01145129167065,0.6198038277008184,224.37779216847062,0,normal
751,54.5303644275601,0.5709254149863499,219.37307417619272,0,normal
752,53.315059113193385,0.48534759125795945,215.7865740324374,0,normal
753,55.584289556796,0.6173795508430207,215.18966703536665,0,normal
754,54.285168402072195,0.6396538500032495,226.06541422268947,0,normal
755,52.4301439090682,0.48872346372965614,206.676321095546,0,normal
756,49.07914960219086,0.513520961127616,197.15762744431973,0,normal
757,49.56092409878476,0.5077955667323798,202.5156196985309,0,normal
758,48.139626409497936,0.5002999413515754,187.62360685901137,0,normal
759,46.90701171827131,0.48173900935137665,184.8964250805219,0,normal
760,46.91953824812156,0.4036675028661636,188.5740118654906,0,normal
761,45.805742011415944,0.3352668702200716,197.51033342298732,0,normal
762,45.74001423630433,0.3881243084419427,184.46568065947744,0,normal
763,45.80727715192688,0.46060190891488806,191.26091436086114,0,normal
764,46.01066438907988,0.39311309260529903,190.0710232822793,0,normal
765,44.68085496435307,0.35891493309417927,180.56347003988486,0,normal
766,47.58362107741045,0.360604904451977,185.3885054514884,0,normal
767,48.14971281563833,0.5506266340403136,197.8976193166445,0,normal
768,48.72015904235994,0.5156888629184643,187.3900844611995,0,normal
769,52.9759118448133,0.5980130359600041,219.90802299763865,0,normal
770,54.228995340885746,0.6329661761566886,217.91600790463426,0,normal
771,54.89475450622832,0.6267305082017364,206.3279002884224,0,normal
772,54.585340435778065,0.5794903659565848,216.63883126795307,0,normal
773,56.18025425239797,0.6154168798418493,227.9907561142066,0,normal
774,55.012053180601825,0.5788628453824303,218.86309335720847,0,normal
775,55.03242640834312,0.7323855658876124,2.198050232967712,1,fault
776,53.23665564846027,0.5925287145341775,208.6965017552796,0,normal
777,53.932525210431635,0.555460482141061,17.304807001430042,1,fault
778,52.560385928424445,0.574482557276803,209.88431669845974,0,normal
779,34.66815445022981,0.44928541628074675,200.1236007711621,1,spike
780,49.948802888183494,0.5742013936931312,198.05328979742237,0,normal
781,48.6261752106305,0.439470049422253,200.64115657573296,0,normal
782,49.29756116664465,0.5110054949640163,192.9392077908833,0,normal
783,47.35867942258075,0.5004724699387717,191.00054572698474,0,normal
784,45.681318420169305,0.4328647956136357,183.06512353649535,0,normal
785,45.419158178355744,0.4131066631580968,173.89305295274255,0,normal
786,45.0442123781042,0.4014243518048847,173.58169859407423,0,normal
787,44.96745688375909,0.39652708283082644,179.92938261627953,0,normal
788,44.58744578368943,0.3629139912274136,188.25578312819255,0,normal
789,46.31341421646034,0.40379411284072153,188.1500059253354,0,normal
790,46.753901743347406,0.5090575535494949,178.38743284766645,0,normal
791,47.455589235564204,0.44368495307702627,174.26991661666014,0,normal
792,50.511221814547525,0.4709346228218118,205.710155223212,0,normal
793,51.68535988544588,0.5078923178658421,206.26037212714252,0,normal
794,50.71329248863187,0.5692843838074986,208.55949980207933,0,normal
795,53.4128492684375,0.6020373170269738,209.24780747019278,0,normal
796,55.325828404822126,0.6345330270080554,223.05437610858112,0,normal
797,55.888852870341644,0.6049009974613433,227.78627879650588,0,normal
798,56.02583684288524,0.649184860366352,221.86602918050855,0,normal
799,54.868542338346835,0.4,217.343741502232,1,contextual
800,53.48508169095302,0.5567209322517717,214.066640919304,0,normal
801,52.4518350785747,0.5975269259410814,212.52072204710046,0,normal
802,52.84460490475048,0.6006059820409628,211.3067495964424,0,normal
803,51.67337525987773,0.4843720129000144,211.56348272830834,0,normal
804,51.28733111160512,0.48297029958667365,202.83964850008533,0,normal
805,49.8058844248295,0.5015527961372604,192.58156167200247,0,normal
806,47.36777134346893,0.5336620456028541,199.35596221444163,0,normal
807,45.220260215206345,0.3086269460806772,177.85787217811315,0,normal
808,45.35076638406692,0.42093197465986365,178.56085511767895,0,normal
809,45.387602063365215,0.3389498746886469,181.22139164809994,0,normal
810,44.7979167546106,0.36424178541593466,179.52757256671228,0,normal
811,44.59247676047699,0.37362811430632775,176.43648882946655,0,normal
812,45.922757796047705,0.39742973874910953,183.6038616994458,0,normal
813,45.96050835265658,0.3925203700701712,183.64322225348545,0,normal
814,46.8719339162747,0.4377990313443125,188.36183230020282,0,normal
815,49.017357608790824,0.45358437384428757,184.28199314022672,0,normal
816,49.59800741987068,0.41883727915470603,207.79641121452198,0,normal
817,51.538199614490885,0.5697574729159566,205.41635689029076,0,normal
818,52.7732040228521,0.5931076888144861,213.99592918864332,0,normal
819,52.39610490484118,0.590080813597957,202.6939129116946,0,normal
820,53.848885895056746,0.49994099308793083,213.04054227398075,0,normal
821,56.267406071361755,0.6402940290564427,221.70804495384493,0,normal
822,53.83792048726571,0.6105573525356603,222.70030077160558,0,normal
823,52.71297468247484,0.5026993902275175,207.92283069571994,0,normal
824,52.46828186567971,0.5498242997227005,213.66352739741927,0,normal
825,53.56464385250941,0.56547954478467,211.00647314667168,0,normal
826,52.53091727803267,0.6427258784890666,207.86057441386095,0,normal
827,51.17648437008755,0.6197544892523796,203.47818665434676,0,normal
828,51.21418982892867,0.44106597691206334,211.27598494986117,0,normal
829,46.033070341384445,0.5453577571140884,174.6830180703872,0,normal
830,47.895933874430895,0.4121573914309517,185.00541772135142,0,normal
831,48.025904295870866,0.5095517506337887,182.36709135503438,0,normal
832,44.54209221618609,0.4393667433669084,172.73085826593712,0,normal
833,44.790564356764754,0.34602677579320473,175.10425717109848,0,normal
834,44.247108082771376,0.40960555134738247,168.91602606063356,0,normal
835,44.27602482247709,0.3801438092362386,173.43336055683503,0,normal
836,63.86443892239737,0.4345887197527152,171.30087149955204,1,spike
837,47.891951377751724,0.46937264267406575,16.972309925812738,1,fault
838,49.3373866754875,0.5465647077782624,203.351648701501,0,normal
839,48.36996554944713,0.4711692881462457,195.49780254919403,0,normal
840,51.905060214064534,0.5297075008099752,208.55757921712078,0,normal
841,51.329671702497194,0.5813966457028029,200.3047940285932,0,normal
842,54.25369102670097,0.6140936187769496,209.33433931158027,0,normal
843,53.44223525627928,0.60543537484163,208.07316064744572,0,normal
844,54.461184844968315,0.5559943632864365,217.6286902453932,0,normal
845,55.195103604088175,0.5516389330118397,225.12129831498603,0,normal
846,58.178853679367535,0.6351909664247156,237.22725180314674,0,normal
847,55.68091470629011,0.5825772248417729,225.8767206375771,0,normal
848,53.62286248897074,0.6117672132120605,210.80366563554324,0,normal
849,54.50453177620868,0.6388898380388762,218.14087626685466,0,normal
850,52.138167462915725,0.5350068347816944,206.94595720147666,0,normal
851,50.80434504261142,0.587632851793446,202.21143135297194,0,normal
852,50.9086013598921,0.5865954968860986,213.82004492436747,0,normal
853,48.73699036225864,0.4869097530651997,186.1379602640165,0,normal
854,47.77857591451172,0.41447692971308236,189.94091957843557,0,normal
855,46.47845131593255,0.508337858790428,191.972549799711,0,normal
856,46.00645610768329,0.4170782546022454,176.69636695556548,0,normal
857,45.59533676599082,0.41821499514136523,179.16260993763203,0,normal
858,43.06303306729458,0.3442804100655632,169.60693978134015,0,normal
859,45.836943537164196,0.37224935442842405,182.23132553838687,0,normal
860,44.68785356124747,0.3203250997091848,170.7716284469588,0,normal
861,45.02216695850773,0.43208675534801905,183.06509813572112,0,normal
862,47.44158875614133,0.40966172242799553,193.09779143713104,0,normal
863,48.78988577780177,0.6287742770058766,197.70141973629683,0,normal
864,49.30649383542767,0.4318261975779295,192.8741069702553,0,normal
865,52.12512708318057,0.47963341791454295,208.93306228665875,0,normal
866,51.15782483362913,0.5486634324532547,200.13409813667107,0,normal
867,53.12859015716013,0.6390374770915674,210.85137732478296,0,normal
868,53.74525288398911,0.5781345405269432,225.74835117181084,0,normal
869,54.783041861106014,0.624272958231484,219.61064433240534,0,normal
870,55.27886428464724,0.4,215.1778242586531,1,contextual
871,53.821736181821805,0.5425591463518478,216.1886214306068,0,normal
872,55.054409696378485,0.5474074074706914,213.45865915519738,0,normal
873,53.598536274267396,0.47721843298795386,208.39909313449454,0,normal
874,50.60805374668813,0.518010086634957,197.22659930700857,0,normal
875,49.33550378511571,0.37456869462179254,195.12046787948444,0,normal
876,49.987680707070645,0.4336438158370405,204.63556780622858,0,normal
877,48.4849374567011,0.442839059433351,196.83174081688858,0,normal
878,47.39657988642538,0.4063673059309537,192.20129618693815,0,normal
879,46.43648363753712,0.44855009786109584,180.25131172219577,0,normal
880,45.895432820587956,0.43318766600688313,180.87515950517357,0,normal
881,46.11802047840296,0.46705034686483204,185.83208744802778,0,normal
882,43.88889509908244,0.4153970886172827,172.4139804693877,0,normal
883,43.99839927565384,0.4370086249811458,174.60176490110987,0,normal
884,44.576549123190404,0.39143506246335535,180.51298995541137,0,normal
885,46.75338276123597,0.45024100026555286,185.26966763893736,0,normal
886,48.74494737864636,0.5004746326688867,196.11008746009557,0,normal
887,48.274565336247974,0.4725741415945108,201.06190362508974,0,normal
888,47.49830015584034,0.4301062876209531,189.13390662842636,0,normal
889,49.59010236290212,0.47517992054105396,204.2570985002045,0,normal
890,51.666963277203934,0.49246134562758037,209.4647034453525,0,normal
891,52.97780501843751,0.5806369418642416,204.5750101063162,0,normal
892,53.92173839166748,0.5737340091290919,210.1762684203523,0,normal
893,54.86821025442624,0.5642055175566865,215.30486160235546,0,normal
894,54.688253669177556,0.5606528324173214,214.4788400920463,0,normal
895,39.419611874171736,0.5570594384506354,223.0644262374209,1,spike
896,53.65410971324087,0.6220242613266774,217.6896590933726,0,normal
897,52.67321594645723,0.5573952024057341,216.96865586935255,0,normal
898,52.97887553852047,0.5164375097917459,213.4563775977073,0,normal
899,49.75845315558645,0.5355964505918299,196.80541484207976,0,normal
900,50.38969170532007,0.4797713936166827,191.1475606031309,0,normal
901,48.80845795821382,0.4058441278136648,195.58677970994196,0,normal
902,47.35255751008181,0.49811226466259284,189.53908100880219,0,normal
903,48.05274220121658,0.434199994546026,193.12561257256112,0,normal
904,45.0476655357831,0.3805083562052226,190.7218636316491,0,normal
905,47.23066903907877,0.44667238179903423,195.12565888728045,0,normal
906,44.7745685507719,0.4526208321549438,183.02357879433754,0,normal
907,43.89335442358442,0.37886895301500395,170.76303204397968,0,normal
908,45.73979256207256,0.35483999493418966,180.39419650230653,0,normal
909,45.388220893748525,0.43495826808057947,181.0786605403516,0,normal
910,46.748244152186444,0.4107153968306427,183.115940988694,0,normal
911,49.10293807450287,0.5764549600665307,198.9140749229371,0,normal
912,50.555582088650006,0.5110556556731056,204.00687260067855,0,normal
913,50.67192752525841,0.40168677561023486,197.2461711357602,0,normal
914,53.487405145046374,0.5876163515087112,219.9337041256661,0,normal
915,54.69304166395378,0.6910907228920871,219.28371832485942,0,normal
916,55.76642877548544,0.6941245899369782,7.5701319297726055,1,fault
917,55.35904253857105,0.6987285652092493,221.17945586255937,0,normal
918,56.3634287120857,0.5762805649726408,226.85974712795732,0,normal
919,52.94883070347131,0.6045842338682652,216.65928462106393,0,normal
920,54.012220470293684,0.544144682419038,214.36149986554165,0,normal
921,52.66852864960933,0.5645850429630328,214.81380593567334,0,normal
922,52.61922586112749,0.4887368957855631,211.41261337836104,0,normal
923,50.722646006315934,0.4822301318821829,196.31531098007585,0,normal
924,49.833842158050295,0.46286450829282516,192.2595347647886,0,normal
925,50.588079654691434,0.5566893571009595,207.96511796951248,0,normal
926,47.33028020357969,0.48664156015507654,195.3010417062276,0,normal
927,46.878258411257605,0.4514061546916931,189.12757979705404,0,normal
928,45.43760365115357,0.3412310021203022,189.22894821051443,0,normal
929,45.246084156511515,0.3893397114327443,186.26738587125408,0,normal
930,45.00601668043607,0.36281450946158506,183.44221036914288,0,normal
931,45.61869493452782,0.45585768652528086,177.9182222944429,0,normal
932,46.835180516625,0.4956128529733593,195.99786582166172,0,normal
933,48.11186009167054,0.5150564811349551,195.12894752772354,0,normal
934,47.80962008190902,0.4184314306673293,189.30928645457797,0,normal
935,49.295451660523014,0.34893237709598635,193.84045661556556,0,normal
936,48.84913549081435,0.38863461490978424,196.68046087082666,0,normal
937,51.20621848309694,0.5952057185660492,196.4695785081955,0,normal
938,53.44028946488347,0.5487430423316783,217.2595242362982,0,normal
939,54.40150254434992,0.4,212.83815610392952,1,contextual
940,54.54173675171722,0.4,220.0199875509903,1,contextual
941,55.716023091013255,0.6775784590946815,220.25599067726222,0,normal
942,55.49076670899382,0.6110377702758657,220.64097327235174,0,normal
943,56.02993538970468,0.605928553240895,220.3351921949934,0,normal
944,54.61948617587932,0.5857846628769301,217.67179754761327,0,normal
945,53.17983559036179,0.5749548517266091,222.16624009153392,0,normal
946,52.83584125693297,0.6367191892046399,218.2686631629751,0,normal
947,48.363500849659864,0.4883933882050586,195.22639817361673,0,normal
948,50.382885736385184,0.5439591663796608,201.40507161771598,0,normal
949,45.0574919492727,0.4596133444389626,184.45097375055522,0,normal
950,45.776536592594624,0.35704693180067154,188.75599834091628,0,normal
951,46.91623469500826,0.47606778852386733,183.51584686899537,0,normal
952,46.14740231834465,0.4082196086338125,184.2024149352176,0,normal
953,44.00794208841471,0.25435408197965587,166.92197720581842,0,normal
954,44.287897958121064,0.2793494820631307,182.76710238378874,0,normal
955,46.54091185716876,0.37991235656744093,196.4887687171793,0,normal
956,45.18584284950509,0.4302780184197309,181.14378452113579,0,normal
957,48.70738640647022,0.47983770639641926,184.20449500136579,0,normal
958,47.49808014682366,0.4591799382952564,193.0367731701798,0,normal
959,49.113940951368576,0.5798259931617061,191.9353179747289,0,normal
960,51.61687439849842,0.46888300722697773,203.15075038567136,0,normal
961,51.42512234170602,0.5271307791249342,208.83337131577912,0,normal
962,51.497656019309105,0.5451748965268729,207.26339470480005,0,normal
963,53.425806454238405,0.5317024732578514,211.26268194026062,0,normal
964,54.29451628273209,0.5873066629087889,213.93003696792005,0,normal
965,53.46488747924378,0.4893002828806583,214.48873019307928,0,normal
966,54.744167928659174,0.6653786694369348,216.92934395207484,0,normal
967,54.08743703744795,0.5476680131224373,210.80356248177677,0,normal
968,55.25448477610963,0.7066597037611178,219.3551231970467,0,normal
969,53.570145780118054,0.5697791994064884,215.97854623674814,0,normal
970,52.217204250852475,0.5957467632870087,207.97829966931172,0,normal
971,51.18791329489003,0.5210931224482429,197.6841101883192,0,normal
972,50.22312201840612,0.502925248755096,205.8378111805022,0,normal
973,49.32271897417723,0.4572529128224441,183.59681871199226,0,normal
974,46.500287771330754,0.4359619518949289,183.76932531018085,0,normal
975,45.422878461445976,0.4243575039496219,178.5905215730143,0,normal
976,46.77455219648037,0.3962781184838484,187.83910317527855,0,normal
977,44.75803399634994,0.3889084591340045,181.8404450244134,0,normal
978,43.58315790740313,0.3411582148452068,179.9664556709177,0,normal
979,45.61418357793774,0.5272668750394967,178.89470994499015,0,normal
980,46.133242787110476,0.4181783172466286,187.4658828351093,0,normal
981,44.93375083681055,0.47593662432103906,180.71409528664952,0,normal
982,47.72948171546364,0.4448085177688884,182.36022998593845,0,normal
983,49.44148786691585,0.5017941394150625,207.26865274483396,0,normal
984,50.37438645170611,0.44141952545185875,194.30367017062343,0,normal
985,51.926076709273886,0.5161679045920845,209.8017931986441,0,normal
986,51.095730901909185,0.532441351577646,206.3327233286255,0,normal
987,53.86657406092891,0.6566316727665715,216.84448015536103,0,normal
988,54.02750725945175,0.5916492840728486,213.63714462699897,0,normal
989,54.34683897272063,0.6561227975140627,221.52361914658505,0,normal
990,55.870555609419725,0.6494475676985405,215.6803850679634,0,normal
991,56.30890364211961,0.7075481398156265,224.90647062510882,0,normal
992,56.1244970735226,0.6195378306051992,221.6786149113281,0,normal
993,54.850341777438686,0.716517971081364,216.0148773994196,0,normal
994,52.39026581836983,0.5235355062216905,211.70480221074706,0,normal
995,51.64681538853892,0.4946132160608949,211.9746542677541,0,normal
996,50.766822871784456,0.4548338149512374,201.3510126779535,0,normal
997,48.82708272378675,0.5930928880536386,199.2117363447759,0,normal
998,47.63076418791165,0.4935876623891279,190.7717600788696,0,normal
999,47.2882192259435,0.4290583478498546,184.68921585758395,0,normal
1000,45.610590335051896,0.47466294154471267,181.15260087400227,0,normal
1001,44.441083932180995,0.423206287899509,176.26690627476592,0,normal
1002,44.58552693416414,0.4900169122520624,174.85880817412934,0,normal
1003,45.80428124628835,0.33869398328877137,185.35953962843257,0,normal
1004,45.67286627227783,0.40018932002984386,183.86469602763512,0,normal
1005,46.80467607093552,0.4129674522215691,179.265455792395,0,normal
1006,48.170079242202135,0.36471745102361264,10.18418579487241,1,fault
1007,48.331063311589766,0.51963762647078,195.44767551238783,0,normal
1008,50.75624816362983,0.5016051354824286,198.94856051054663,0,normal
1009,51.67293782897106,0.5704403168287493,208.20195709138585,0,normal
1010,51.265186913088364,0.6432923349782478,208.9654055428994,0,normal
1011,54.977838697118884,0.5818945893509972,213.55659060144774,0,normal
1012,53.82938227516523,0.5555299963704468,208.25984282778,0,normal
1013,53.17453378826015,0.5694238842514028,221.07029356501707,0,normal
1014,53.9549562904137,0.6284614934574444,217.5776790764671,0,normal
1015,38.43652358843262,0.5478360281498327,213.1381325997017,1,spike
1016,54.382300337579686,0.5560979268949872,212.8594990870874,0,normal
1017,53.261683400386616,0.6180931315198006,210.49452935701007,0,normal
1018,52.163168032359515,0.562195326839092,202.69981044887152,0,normal
1019,51.913797190995155,0.43603953066966206,212.07224963443358,0,normal
1020,50.33987536119274,0.4455279172503993,197.47574567673936,0,normal
1021,49.02195264513167,0.5555008460939939,201.555483521608,0,normal
1022,47.90982845732889,0.4782929833005185,189.6361692304655,0,normal
1023,47.08060076206944,0.4035022186895263,183.10565213019117,0,normal
1024,43.561919639300434,0.36271790992425956,172.11617061713272,0,normal
1025,44.80593261629022,0.3967804859658879,166.1028965776538,0,normal
1026,42.81978993551053,0.39318246672421875,170.6753168586721,0,normal
1027,45.20643079535245,0.3362154461641096,179.97512722575902,0,normal
1028,45.66524000885347,0.3712573432435466,186.78467376815374,0,normal
1029,47.509998368856785,0.4638477551203051,180.60846883551025,0,normal
1030,48.687634392721215,0.4687609588296518,200.5598693752026,0,normal
1031,48.90867982273964,0.5067665555866283,199.73771576594686,0,normal
1032,49.49963892260301,0.42851740858408033,204.25877350890536,0,normal
1033,51.7792563380583,0.5534415605747321,206.85341847221252,0,normal
1034,51.972082362675685,0.5940208282223873,212.95781362121653,0,normal
1035,53.53414125448942,0.5950237524472526,206.78034484342317,0,normal
1036,55.31626333588286,0.6132808537057368,224.8302911695541,0,normal
1037,54.27185778545595,0.5806429755808205,213.23161733132406,0,normal
1038,55.8056786392425,0.5743710151462749,214.96570539485532,0,normal
1039,55.50703050013766,0.6065406803807638,216.40741940972885,0,normal
1040,53.37533520179139,0.630491996679848,213.5289965003119,0,normal
1041,54.50942803415013,0.5842371353529964,213.9162160955125,0,normal
1042,53.198566345371454,0.5194811274400086,214.67463303996482,0,normal
1043,51.39602111288544,0.5033080678194395,196.54289667652168,0,normal
1044,49.23767654197249,0.4947960457032463,186.31521844981066,0,normal
1045,47.84669875591192,0.43825827525919614,198.24873219436557,0,normal
1046,46.962337423097026,0.46351191261509755,192.36835033939528,0,normal
1047,47.00706055735923,0.4662833991846361,182.7817580498679,0,normal
1048,44.714247813676394,0.4387341152937603,178.8419930373529,0,normal
1049,45.60788311717451,0.4833356359567418,187.52906776970465,0,normal
1050,43.75824447112161,0.42495782564105017,177.12898092593946,0,normal
1051,44.96630228411578,0.35261409247491754,180.6063246173805,0,normal
1052,45.77952073565177,0.37041369238422184,188.59385334917008,0,normal
1053,48.90959623912615,0.4744033509595318,191.9848225804985,0,normal
1054,46.12268434447963,0.39989491902762186,184.64662962124166,0,normal
1055,50.1779193409773,0.44664205047149874,200.62243417244724,0,normal
1056,50.149842413987365,0.4809122585710976,199.23555941759426,0,normal
1057,51.70526714352842,0.5103796961896163,204.8720410170099,0,normal
1058,52.618347913388114,0.518774571279702,210.83773284269492,0,normal
1059,53.98026072412792,0.5638157401748083,216.09308037643933,0,normal
1060,54.176441914560165,0.6424513808071198,211.46362944556802,0,normal
1061,56.283679312902805,0.6356354883205181,229.14369680111346,0,normal
1062,54.54352885577528,0.7144610309182791,213.29218938426982,0,normal
1063,55.961863703624566,0.6277626833734737,222.7562875917624,0,normal
1064,53.685759898709236,0.5592119092773221,213.2666372312367,0,normal
1065,53.475282059531516,0.5697122853233736,215.69164630142214,0,normal
1066,51.428037447709826,0.5413853478763736,195.11663008975265,0,normal
1067,51.74911894586013,0.5567450767757559,211.45102485808783,0,normal
1068,51.445125956926496,0.6327380854314811,202.39555208964515,0,normal
1069,48.62854859466674,0.43030494864445634,200.61401085255224,0,normal
1070,47.303114301295984,0.4890145889348065,186.82163258260317,0,normal
1071,45.349849130999424,0.41738451250069464,181.15517859532764,0,normal
1072,45.44058032752554,0.33025671942197987,191.33125151044428,0,normal
1073,43.57757660883314,0.41008647128140097,172.92361539136422,0,normal
1074,44.087122013281174,0.4451236183058187,182.542737476492,0,normal
1075,45.3971569146638,0.36508431810440456,181.78385308647802,0,normal
1076,46.98888617881911,0.43933103018178365,190.03263886674387,0,normal
1077,49.27367695529666,0.399205826005548,197.4445007682435,0,normal
1078,46.91341491492901,0.3753279753143633,191.89291779121666,0,normal
1079,50.141204931132776,0.5552255775035182,197.13716166026586,0,normal
1080,50.243752480401625,0.4815542243076608,196.05476730651057,0,normal
1081,51.14284757876625,0.467416802828423,201.3785093631799,0,normal
1082,52.93259445172621,0.5701249072574457,212.22892968852528,0,normal
1083,53.597450389612575,0.5458283862207004,213.28570763069865,0,normal
1084,54.44052274453435,0.5652693720019102,221.31346536049327,0,normal
1085,54.421295968618644,0.625392220656118,224.20884237358217,0,normal
1086,53.60189034020115,0.5139511388573057,209.52836967462957,0,normal
1087,70.05867470509274,0.5204518179443737,209.4742717576234,1,spike
1088,54.983371902203395,0.6073714376515112,212.75229051724932,0,normal
1089,53.25883381584697,0.6136471658543496,223.1872002171834,0,normal
1090,51.90391110034397,0.5999862370813719,209.138991896985,0,normal
1091,51.30260085223587,0.49279893102663624,207.60941500920137,0,normal
1092,50.7949322529157,0.5627674934042963,196.47868708650756,0,normal
1093,48.88626871751382,0.438518259676756,195.5392249250209,0,normal
1094,46.843945063359016,0.5281893686125203,189.9220201755015,0,normal
1095,47.69075904971638,0.3971266297233411,189.4992477461934,0,normal
1096,47.24905848405939,0.5114051102207743,194.37476206036953,0,normal
1097,45.66492752387755,0.3804742451366149,194.21886572372435,0,normal
1098,45.97366351134409,0.5201355929666118,179.1593399099066,0,normal
1099,46.41233086536845,0.4578126537499933,180.53888723159034,0,normal
1100,46.79997229748231,0.3851986194792351,182.81110886228637,0,normal
1101,47.078565271179905,0.4154593814464727,196.34525688480207,0,normal
1102,48.0983470470747,0.501026001202681,197.6051647734472,0,normal
1103,49.22556534783401,0.5371435278374582,196.22462230236778,0,normal
1104,48.90266232545283,0.4745174669228335,195.7934476238157,0,normal
1105,51.99481838237211,0.5421292816956155,203.89655539850483,0,normal
1106,51.14418602887341,0.5608013722096715,209.02687990420958,0,normal
1107,52.740934450807686,0.5614086103666948,209.06422868268797,0,normal
1108,55.6336920867303,0.5479985987676872,221.2343856496462,0,normal
1109,55.66984929413948,0.5727482846507806,225.7233460342042,0,normal
1110,56.48739828968586,0.4,225.00961846832735,1,contextual
1111,54.55795474775808,0.6519332157800463,217.05698902354308,0,normal
1112,53.17787817764546,0.6443566847610116,212.7643887382272,0,normal
1113,53.29509670886241,0.6048784052158207,217.15716390441503,0,normal
1114,52.60203129724056,0.5664051639966293,218.6405905663814,0,normal
1115,51.37308394185255,0.5649023731361749,208.4197669286406,0,normal
1116,51.13368047875689,0.489336067064795,4.996493473036359,1,fault
1117,48.34463434948408,0.4592311389767709,192.37926708743072,0,normal
1118,47.85203447180301,0.41583415336908636,187.86914857136844,0,normal
1119,45.47583894463269,0.34707964835726823,185.17328693970634,0,normal
1120,29.449808184708758,0.4390812557642427,185.33696515948935,1,spike
1121,45.173479418740285,0.4127452537040429,173.5807744312124,0,normal
1122,44.25018666171548,0.4193863574597603,175.36039852973394,0,normal
1123,44.93454150637976,0.4259964216722175,179.32368090811127,0,normal
1124,45.48569723456252,0.42184615825744354,179.39049960310768,0,normal
1125,46.19431096473011,0.4517170525784798,192.18592183163108,0,normal
1126,49.27134124226765,0.4832926700339792,199.4845601535817,0,normal
1127,48.60745877217952,0.4927937452047104,201.29570967816133,0,normal
1128,49.75610388982243,0.45881485766213054,200.34154186755052,0,normal
1129,49.19664426790255,0.5024181816400075,197.1935162537356,0,normal
1130,51.6057926480204,0.5655367372247084,201.74018150403035,0,normal
1131,53.27246048147631,0.531965138225916,213.14948959188806,0,normal
1132,53.64427434274552,0.5754770918045528,214.64236699935927,0,normal
1133,56.211336724823134,0.5930466090149947,218.00977747912137,0,normal
1134,54.83506222460378,0.5703759096662698,216.64261154956316,0,normal
1135,56.118073380763654,0.5661149998601653,222.8558805304728,0,normal
1136,54.391831652972506,0.6511253793177779,219.63472433216864,0,normal
1137,53.57276174235441,0.6247394935830906,216.59779752934617,0,normal
1138,52.411203552287574,0.5750957637571184,206.73822179932426,0,normal
1139,33.18190092837854,0.6245676271398728,207.53591392124585,1,spike
1140,51.71879500304987,0.5249136152325778,205.9647853654569,0,normal
1141,46.38629404773614,0.5793140017102546,171.19707606666978,0,normal
1142,45.4984542555615,0.398592614343069,179.57030686248828,0,normal
1143,45.92129526301106,0.43118557284802206,189.08012425275615,0,normal
1144,45.68440086301543,0.39379912156329827,174.32857466892332,0,normal
1145,45.86047529331869,0.4358257838693891,184.0053571753525,0,normal
1146,45.47308719802748,0.4512424903548618,189.81865486303636,0,normal
1147,44.78612495567409,0.3900266794608276,175.34143505764396,0,normal
1148,46.68891667431959,0.5226143258422729,186.7664120994168,0,normal
1149,47.49466149721986,0.4618506941760702,183.45856470273984,0,normal
1150,47.68405783127144,0.4672054259309387,198.8723870334036,0,normal
1151,49.66856234697414,0.4479213622137969,198.25758625291348,0,normal
1152,50.272645263432075,0.5263778589961607,201.3237152676984,0,normal
1153,50.732612198729704,0.5079508829341258,209.70195112244693,0,normal
1154,53.197816839000026,0.4,216.0986593292275,1,contextual
1155,53.646147028511464,0.5340992201628111,210.20644445156216,0,normal
1156,54.331466865676596,0.7202175063013663,214.08947784226982,0,normal
1157,56.30258270363488,0.6128777915637459,227.68498733715603,0,normal
1158,52.549127871459916,0.4781332863901349,207.07590621052498,0,normal
1159,53.41194496128578,0.533327826239087,203.0615632845405,0,normal
1160,53.14305659254782,0.5602827398771457,212.3060223769959,0,normal
1161,53.1722732583641,0.4,205.28802972783237,1,contextual
1162,52.2453918302339,0.5726476626909437,217.06297608875423,0,normal
1163,49.786769577739705,0.5295661191436203,200.03101649977458,0,normal
1164,49.014841967689286,0.44805382402191923,191.53349258703926,0,normal
1165,47.845063095963894,0.47392328409435514,187.8870903105433,0,normal
1166,49.95742409207591,0.4553455086359893,190.38270842893405,0,normal
1167,48.266208041814394,0.43434201168558734,187.56752273335505,0,normal
1168,45.25812356339327,0.3592770225428524,186.11411026627658,0,normal
1169,44.806787578247835,0.3367163088350432,190.3860810404533,0,normal
1170,43.850796002811705,0.4302263944991345,179.03516657724163,0,normal
1171,43.26224045532937,0.3996753941555317,172.58874912821233,0,normal
1172,45.55299279466926,0.4598931243922917,180.05217430040744,0,normal
1173,45.46661411082323,0.4112979355176794,177.0839773754111,0,normal
1174,47.41514946833802,0.48714337431001775,199.9594273700508,0,normal
1175,47.10569892544372,0.3540495082767471,187.479052192453,0,normal
1176,49.238025541689865,0.527914886736065,207.530251317072,0,normal
1177,51.442722320815314,0.5377104379165578,212.73848683131155,0,normal
1178,52.866209597783865,0.5886796719631355,202.7608562344041,0,normal
1179,53.95300586467472,0.5980612822459251,212.48226147990243,0,normal
1180,53.00963803476516,0.5108400029684589,208.69332651819153,0,normal
1181,55.684314861580916,0.5387843084620659,222.33802762579498,0,normal
1182,54.19978830339815,0.5483930577588149,216.49758194802385,0,normal
1183,55.462487046052686,0.6374956049846994,236.83114366120145,0,normal
1184,54.319488342304055,0.6208943376048509,211.89181399684242,0,normal
1185,52.15914640685483,0.4747858142680034,209.78143530574127,0,normal
1186,52.183802295418836,0.494621077534966,211.81774789401436,0,normal
1187,51.659458967576356,0.4970273950544851,206.62997584795943,0,normal
1188,50.612965380474535,0.4943940545961499,203.00276441080493,0,normal
1189,48.564916877043146,0.4031957959982303,189.03562303663963,0,normal
1190,49.03177889060117,0.4095329895050167,196.6595465354181,0,normal
1191,47.47197686505388,0.4083477724807,192.44490244108738,0,normal
1192,45.41321886467808,0.41257706910481184,183.29087838006797,0,normal
1193,45.92049268069161,0.35938013662615764,186.5329752423269,0,normal
1194,46.93379348518819,0.4328856942051755,194.79821344393392,0,normal
1195,47.1308554693377,0.49554475019384486,193.20825458692252,0,normal
1196,44.44187310025523,0.3237484751344291,178.1239654685081,0,normal
1197,45.53793298291003,0.4004363717376736,176.29294017222372,0,normal
1198,48.984918786733786,0.5309362124222143,192.93964877337956,0,normal
1199,47.64762372364973,0.4320390549548041,189.49233913501183,0,normal
1200,48.67745886670833,0.4448656927912456,195.97156462354056,0,normal
1201,50.80790109481333,0.5743328126115903,200.83994057175636,0,normal
1202,52.92022670947467,0.5430944302409161,207.0022408419769,0,normal
1203,53.43313719932154,0.6238874952467093,207.79155535168448,0,normal
1204,53.67956339851655,0.5950395375266909,206.46236479878854,0,normal
1205,54.15541666972082,0.5659661007489246,215.44691316001044,0,normal
1206,54.28766293558729,0.6097377852416224,209.80232453199764,0,normal
1207,53.95011950278639,0.5950248657480297,210.79784959035862,0,normal
1208,56.61175989619836,0.6832793389740908,224.4775302205719,0,normal
1209,53.83304497711821,0.5492436226491134,208.65259336151567,0,normal
1210,53.386759054404855,0.5697954844271781,215.4457971601129,0,normal
1211,50.80501775739376,0.5130245711676433,206.92118634760348,0,normal
1212,49.814043322813994,0.5314882735382691,196.509038192379,0,normal
1213,47.99235079311705,0.40858805614013216,189.78426663441817,0,normal
1214,44.848291665080765,0.4478146857135081,182.08031551101845,0,normal
1215,45.086456817219535,0.4250455749529115,176.77585178270473,0,normal
1216,43.859254301097494,0.3113388323403026,171.5233476464035,0,normal
1217,42.92058709060308,0.41882488308608656,177.66484075334375,0,normal
1218,43.8046410257019,0.48779747455392447,179.63950279637152,0,normal
1219,46.49532654793628,0.479998229436196,188.9890562034647,0,normal
1220,45.62543681337346,0.48385797462879265,187.1299703604643,0,normal
1221,47.75502985638848,0.459369166207899,181.1337257987171,0,normal
1222,47.91098257690072,0.3751444055510889,198.41310804156842,0,normal
1223,49.488463600202415,0.39756324944567206,199.91416498372837,0,normal
1224,49.09910300469532,0.49473616228729433,201.45031893880997,0,normal
1225,51.81804617970522,0.5067619832076053,209.20799361440268,0,normal
1226,53.22871423407433,0.5188454707651191,213.1594810596981,0,normal
1227,52.958886613699065,0.5560403980755475,210.45900039298598,0,normal
1228,54.889667389538396,0.6285726121838323,221.3943914425846,0,normal
1229,55.395816890020136,0.5352784604622954,220.0245280155578,0,normal
1230,54.45044737886992,0.566565066563379,222.14117001580524,0,normal
1231,53.70686069917437,0.6496307481395032,206.89515957393647,0,normal
1232,53.14599868702394,0.5091555547294101,209.87611543912436,0,normal
1233,53.6220394478542,0.6159288483153318,224.71227403380004,0,normal
1234,52.827009868789524,0.5323036592983408,208.17763715729615,0,normal
1235,50.5015693950546,0.5373210758935897,200.812858964901,0,normal
1236,50.026585341326246,0.5553980821866683,195.6934366985546,0,normal
1237,49.27644181062598,0.5225929245617708,198.78499560693305,0,normal
1238,48.11819071466536,0.507821794404001,188.79143840795047,0,normal
1239,48.01634621418977,0.40274724761339753,191.13733018272382,0,normal
1240,46.94685381327584,0.4946200616025817,192.0317479332787,0,normal
1241,44.16907943579817,0.3407469329842223,173.1825006491186,0,normal
1242,46.68358620953802,0.4466488124693373,190.6774004344782,0,normal
1243,44.63939436399891,0.4057001966298396,182.66872403379742,0,normal
1244,46.71474579353219,0.45855104381412276,192.13376364772523,0,normal
1245,46.532452720118314,0.4474968882053758,186.83251585506346,0,normal
1246,47.087850621543026,0.39956651350462435,204.55769787105604,0,normal
1247,46.89820791471249,0.370470787679464,192.86550014156037,0,normal
1248,49.828435489783445,0.5401861437937574,200.9381300811679,0,normal
1249,49.73471199020711,0.5039859686800879,194.55922589041975,0,normal
1250,53.46729923584267,0.6268148267647443,213.38390131399996,0,normal
1251,55.05232656307193,0.4,227.34094113678788,1,contextual
1252,53.533216029625486,0.5004061025586617,222.68053719663328,0,normal
1253,55.13159987396462,0.6509384815294976,227.91804499805963,0,normal
1254,54.274608477992025,0.5669736390767852,221.0243954456162,0,normal
1255,54.201144401308596,0.601123060897223,210.52627657375652,0,normal
1256,55.10462172278764,0.5697194630317768,222.85429598027892,0,normal
1257,53.496995644089395,0.6521549983934725,207.7809706860926,0,normal
1258,54.23964804193107,0.5409647196294616,209.52123620082048,0,normal
1259,50.8118627468097,0.49936576723088527,204.443244410125,0,normal
1260,50.99933633247447,0.5253591617843553,206.61334256624664,0,normal
1261,48.803318187445115,0.42145724739455437,199.73015824218447,0,normal
1262,48.29577800974438,0.48244153662426736,195.668793240908,0,normal
1263,46.01730843673741,0.5009416926081227,186.72716367566338,0,normal
1264,45.62031414352627,0.3878831748358399,177.5579936491432,0,normal
1265,45.05487198925574,0.420854580736701,179.69460453359963,0,normal
1266,44.16394288515421,0.2458070884011565,169.12018761244443,0,normal
1267,45.83245240313635,0.414702588038485,173.31296396554444,0,normal
1268,46.32012198665622,0.4107503254368141,188.98370149584025,0,normal
1269,47.05802078897271,0.400235535658935,184.46646118693604,0,normal
1270,49.03696565391755,0.5348118365597776,200.51035512638546,0,normal
1271,50.15524957572363,0.48679280743328124,206.16273619229472,0,normal
1272,49.625055310150834,0.48362723184833734,195.40363461748734,0,normal
1273,51.66714754394679,0.5144833071394822,209.62014564856366,0,normal
1274,51.87639931074159,0.44168719262657796,204.19981359989816,0,normal
1275,71.45795550420212,0.5145784624370991,205.00616251505534,1,spike
1276,53.73037756980325,0.6226622257020759,215.5380573014253,0,normal
1277,56.44969944058137,0.5234964564676288,223.44442836374668,0,normal
1278,55.36369815034296,0.568958195526074,219.2543475484362,0,normal
1279,54.611600003340925,0.5722459972523304,228.32311560259132,0,normal
1280,55.52374559077855,0.6976560051801494,214.46569744945086,0,normal
1281,51.36491849613748,0.5657285581975681,207.37402966140726,0,normal
1282,50.48589740513461,0.48185942175003715,196.96955343481469,0,normal
1283,52.0899338807325,0.6070243624704276,212.90104256926662,0,normal
1284,50.060468448117454,0.46418357793729315,201.73402997334514,0,normal
1285,48.9563510747482,0.5295820116816642,197.72212604489587,0,normal
1286,46.17360389668145,0.35552821563747816,179.9699674987145,0,normal
1287,46.44123238321687,0.4824875392537953,181.93698996642587,0,normal
1288,47.673382391479244,0.4331609655560356,195.32978210264642,0,normal
1289,45.99457048835056,0.3684661977199477,192.83227056204007,0,normal
1290,45.16970654514281,0.39253695024904045,183.08036526669218,0,normal
1291,44.7313169584497,0.40849354815500477,174.43816422994166,0,normal
1292,45.275300129208404,0.38076858105788247,182.79589312914396,0,normal
1293,44.33526820486726,0.41440303939711143,189.4784330411571,0,normal
1294,47.75764042092121,0.42600311423522086,191.5426757372794,0,normal
1295,49.551387882969074,0.5220463773559494,205.5147558288443,0,normal
1296,48.42438067282925,0.49059871655841497,13.86195557693422,1,fault
1297,50.632678333205696,0.5096074139287171,16.918980029057572,1,fault
1298,51.34253536776654,0.5047815917370333,208.46796750169386,0,normal
1299,52.57018271112397,0.5589806940107427,212.2673723858102,0,normal
1300,54.38360864574397,0.6151848600665644,213.70249118242006,0,normal
1301,52.745226976456884,0.6579944971657181,206.93332062017453,0,normal
1302,55.61427043835707,0.6592564298570504,227.39850376894157,0,normal
1303,55.58348420137906,0.6604691815183732,228.29169086876695,0,normal
1304,54.07902443088532,0.7360060983607206,223.87681551415088,0,normal
1305,51.05482539594823,0.5468944317573567,213.23895400005725,0,normal
1306,51.503581373997605,0.5543038030455372,206.6874226776034,0,normal
1307,52.526997159615526,0.5857406969083931,3.053873869995538,1,fault
1308,47.22200571927134,0.3939918155060141,195.64297757097768,0,normal
1309,48.35838136229402,0.4449725454249425,196.998871858434,0,normal
1310,46.31999922153283,0.40109152109603996,180.36772059279338,0,normal
1311,47.269036395652144,0.477761426774021,183.90796725501403,0,normal
1312,44.994759028934496,0.39118645246762995,182.43868712251953,0,normal
1313,45.57432488929027,0.4183976690595205,181.41092624974107,0,normal
1314,45.56546041916909,0.46568193939080504,182.1296919029729,0,normal
1315,47.00659670828463,0.4832894711008996,193.3890536566895,0,normal
1316,45.46693103740237,0.401252570595985,185.66290987453465,0,normal
1317,46.84051046369001,0.4033104544298891,194.0114080968522,0,normal
1318,46.01494452087252,0.4770626270001098,174.40209755162323,0,normal
1319,49.89631833778114,0.5366209258011161,200.85226293723056,0,normal
1320,49.23949115192839,0.4044769821237987,200.4314072196996,0,normal
1321,50.73334106142466,0.49900912428307914,195.30043496226023,0,normal
1322,52.47775220515089,0.557830817203856,206.6365306140537,0,normal
1323,51.9726495605928,0.5783944770679076,203.6881724307266,0,normal
1324,54.55889704785109,0.6366830157040104,218.34407904670394,0,normal
1325,55.79709540437034,0.6301372081461805,231.32765146095167,0,normal
1326,55.29293382349729,0.6351210530378887,231.28468231731367,0,normal
1327,53.24073156726661,0.5680214714642399,208.89148850370003,0,normal
1328,54.20631772459248,0.5504337700828216,219.4580571508378,0,normal
1329,54.27756280891233,0.5724880366261839,219.9042404963609,0,normal
1330,50.622011234034176,0.513389784012689,204.42617379371043,0,normal
1331,50.21932921169522,0.5026526217329749,202.87221502047703,0,normal
1332,50.87654360408153,0.42325222685945707,205.02488692858276,0,normal
1333,48.97600020868465,0.4596458374272215,204.3418514387707,0,normal
1334,47.91197158212694,0.46104971429699637,197.16021890034804,0,normal
1335,48.3239609016907,0.45241071843852887,187.99507411877144,0,normal
1336,46.13842575958393,0.41042732541609933,188.53230844273847,0,normal
1337,45.82825887898786,0.4409647461199866,187.7749023885087,0,normal
1338,47.71074552721833,0.4002670511919349,192.41781854463227,0,normal
1339,44.95656631046417,0.31772921551172284,185.48338709437033,0,normal
1340,44.87199021745919,0.38003131480735014,180.42833104133194,0,normal
1341,46.89226249231446,0.47605097012137865,188.5713885746391,0,normal
1342,47.93899102938876,0.5431574725621071,192.36216684094026,0,normal
1343,48.17918938254108,0.5026901996055586,182.62553710116597,0,normal
1344,48.96760298044508,0.4059388716154592,195.46841995225094,0,normal
1345,53.60393964760239,0.5604604309832092,211.0745057181367,0,normal
1346,52.826843470388035,0.5693685884618371,205.37513399058935,0,normal
1347,52.8032485245307,0.5649445263367936,218.38308552182042,0,normal
1348,55.2460573212017,0.6318863740711776,223.50526687747907,0,normal
1349,54.720483979883966,0.5485572322746413,218.73278051481313,0,normal
1350,35.539640605467234,0.5981895254511805,216.16445745921655,1,spike
1351,55.39190200335985,0.6288541815560036,223.0484559365831,0,normal
1352,53.03824475069051,0.6020484426789932,217.1101594693496,0,normal
1353,53.88816110985009,0.5374773138663621,211.41781522166565,0,normal
1354,54.41295480773193,0.5710012527924937,217.62767736954467,0,normal
1355,51.7602728877098,0.400014573750529,211.3814240450951,0,normal
1356,49.623787896216655,0.46140265954544435,188.81514593944598,0,normal
1357,48.19879949405923,0.43775524523263243,192.5073491642099,0,normal
1358,47.08966002665492,0.39081397512472626,186.212183253882,0,normal
1359,46.21050341601968,0.4324906758320261,184.17286437530353,0,normal
1360,45.29206644831951,0.4030440573641268,178.66012301141853,0,normal
1361,46.086682309629204,0.3087729523137035,185.03485226455328,0,normal
1362,43.266790896791015,0.3761112164009081,182.68529968927766,0,normal
1363,46.03237091896676,0.3742312118398839,182.50987130622428,0,normal
1364,45.29018645593507,0.4300881770782272,182.61930086921083,0,normal
1365,46.84141387976262,0.3727357152088191,197.33938761109604,0,normal
1366,46.37301208979916,0.4289605687225302,182.74197046733386,0,normal
1367,50.03453584133663,0.4865325503824072,209.21152010999134,0,normal
1368,51.24563496017169,0.5400677934509504,205.0091548738223,0,normal
1369,52.25368575126282,0.5513085789078238,217.92422413437592,0,normal
1370,50.98524522420638,0.506946695733055,207.6919865215571,0,normal
1371,54.36465497699876,0.5104794838377629,218.99416172090713,0,normal
1372,54.7349821065579,0.5208392439581064,218.61177501679867,0,normal
1373,70.70113789121433,0.5352928107316433,209.7772243378548,1,spike
1374,54.975702616229185,0.5991000581281043,220.2817682147385,0,normal
1375,55.19416362047865,0.5734708750496171,225.2634617770147,0,normal
1376,54.88620229274541,0.6289846423838815,219.47925201599827,0,normal
1377,53.71279527288164,0.5602948594970486,213.26806706621727,0,normal
1378,52.79123141684765,0.5075739920979775,209.91101299650174,0,normal
1379,52.76770661776569,0.5414493177059184,19.152246518434847,1,fault
1380,51.226033909910626,0.5358136700140402,211.0299429151418,0,normal
1381,45.83884982070484,0.4330212323553259,180.0196467139775,0,normal
1382,47.18256144516245,0.5375701855029055,185.38730649341235,0,normal
1383,46.29981506652318,0.39255083433029264,187.09605486442828,0,normal
1384,43.917774408350866,0.3746815550874973,183.30875795718973,0,normal
1385,45.264553926786974,0.4265972758767108,186.7881672487107,0,normal
1386,46.24875777241051,0.4238040074881694,178.73577002874248,0,normal
1387,44.08380300896401,0.3566451528798476,175.01483218589672,0,normal
1388,46.006273919767736,0.3426626195781426,179.37207790562337,0,normal
1389,45.548642616770735,0.38543112438276395,180.85700785750666,0,normal
1390,46.828087976320255,0.38287663889051504,195.3344018854578,0,normal
1391,50.183298408657386,0.41733563411695873,193.62019039071447,0,normal
1392,49.45744217988789,0.44936490151422853,189.7354422531506,0,normal
1393,51.756307714523274,0.4827715682521428,202.8824600909251,0,normal
1394,50.628781883939084,0.5417649649434291,203.9516805486363,0,normal
1395,55.397851467327506,0.6380116212172648,224.6951799725138,0,normal
1396,54.932779465228634,0.4,221.9183600352222,1,contextual
1397,54.64712928879499,0.5799311542477438,224.46694417133506,0,normal
1398,55.575546509999896,0.5185987970943712,213.48675806882994,0,normal
1399,53.419809702497524,0.5436791965408158,219.62092150178478,0,normal
1400,55.51265776067496,0.6302022502486165,220.4901544424684,0,normal
1401,53.21154913043644,0.6054778770894339,216.5036680707701,0,normal
1402,52.295930484951434,0.510266255614463,202.56659480598972,0,normal
1403,50.80243961054722,0.5686415352373203,203.23454192723423,0,normal
1404,49.41934859725447,0.41260237586941584,198.85874824196296,0,normal
1405,49.40057538611582,0.42563011776512677,203.38105673195537,0,normal
1406,47.755906850104445,0.4906012302839827,183.09735428737895,0,normal
1407,47.11621423547025,0.5258803461375674,188.61861968455554,0,normal
1408,45.66107829159232,0.4378931652410311,177.21813671065857,0,normal
1409,45.68357067963187,0.41165429426593675,185.26176293956885,0,normal
1410,44.58115125607496,0.28186383779538876,182.21068770658047,0,normal
1411,47.40010270996412,0.3468797013971085,196.03626205239692,0,normal
1412,44.10194256464731,0.38850932813773964,173.73262298704736,0,normal
1413,47.72540341763028,0.43660493487404695,195.53774609896507,0,normal
1414,48.8679074507208,0.42206638990681006,202.27613774026847,0,normal
1415,47.85374596852166,0.4603515484119357,183.1987490248093,0,normal
1416,52.22927361055615,0.5503420405865135,211.97881904271685,0,normal
1417,52.28958550845786,0.5930125035961709,213.95089830273199,0,normal
1418,53.47113900682289,0.5762528942870928,212.59092409535435,0,normal
1419,53.56355609295863,0.6326908402758918,208.20035648420898,0,normal
1420,54.112900860703405,0.5826577186915087,221.16638222336195,0,normal
1421,54.62022030440576,0.5866376563477484,212.48333707983426,0,normal
1422,55.390530596319515,0.6610262212387494,220.67036521272354,0,normal
1423,39.27588245702779,0.5756942641275136,224.72264133690038,1,spike
1424,54.51144123678364,0.730951197398981,221.62345520565455,0,normal
1425,52.624090282795656,0.5712446795642498,207.36320333361996,0,normal
1426,53.32442706238495,0.5855300038895827,209.87478980540052,0,normal
1427,52.21524597190732,0.5705597181367763,209.35556128144484,0,normal
1428,50.65465952844795,0.6069500143355411,207.65059050189055,0,normal
1429,49.45140368101249,0.5286534442038802,209.24286472731572,0,normal
1430,47.229071869842016,0.3643286384466441,181.3788814804742,0,normal
1431,45.5354769269367,0.48088305777710927,183.7186177966797,0,normal
1432,44.80167955043702,0.3789887620364896,13.837189479446643,1,fault
1433,43.53490762009686,0.3760559060439033,179.23368669642116,0,normal
1434,45.23694861154595,0.34077627362215557,176.25507170963763,0,normal
1435,45.086922085328105,0.4280485426127569,176.9744472504008,0,normal
1436,45.22988527654805,0.37202899102758347,177.97318681087222,0,normal
1437,63.60633900290796,0.37518542729411675,173.6543943852896,1,spike
1438,46.25268253030582,0.41084870033807724,186.6267181055168,0,normal
1439,49.82674542589031,0.5927855486045988,201.7254886716038,0,normal
1440,49.33537399993694,0.5858204950060183,197.31265826883384,0,normal
1441,51.654686903169555,0.5354193965741282,199.96929250047532,0,normal
1442,32.151646470966924,0.5253851769689353,208.07618903164948,1,spike
1443,54.974239388291906,0.5808126394483624,219.6321642348525,0,normal
1444,73.5235929532991,0.6390223017524863,222.5530713855429,1,spike
1445,55.11966952792888,0.5859473970419087,216.9399842143158,0,normal
1446,57.325779791881686,0.6254487321053488,221.29174553077178,0,normal
1447,56.3460692320348,0.6758510278239442,225.2141469147238,0,normal
1448,54.02356139763521,0.5535562731868717,222.57400903196216,0,normal
1449,52.942313721062256,0.5569585226988186,212.57396556732928,0,normal
1450,52.174454988480534,0.46442356069406104,207.69947095805784,0,normal
1451,51.803993473989166,0.5712893867359418,202.8642388076695,0,normal
1452,49.89477586574912,0.5949388642740758,208.3679357964006,0,normal
1453,48.31066062948414,0.5022744812296724,188.09462954351267,0,normal
1454,48.967181250708954,0.5524335833915444,192.24175371469462,0,normal
1455,46.35025620228952,0.3847000172369239,188.2511957895782,0,normal
1456,47.96946207411518,0.4712054555837136,182.59774484702677,0,normal
1457,45.26111343230684,0.35806427242766736,187.41740705613407,0,normal
1458,46.785318394224724,0.4243180906054273,190.26223914798567,0,normal
1459,45.527690291265294,0.4491643796929311,186.6069165241167,0,normal
1460,46.63283355432729,0.43774770174171074,189.32191927705745,0,normal
1461,45.739855042549415,0.3441650497209272,182.1538025829158,0,normal
1462,46.64624077741248,0.3671733602713619,181.2692195588728,0,normal
1463,49.16561072950258,0.4142540180155129,195.96206571188551,0,normal
1464,50.98855324246527,0.5443436943462849,199.07803141109792,0,normal
1465,51.33435172751307,0.6298817613330947,207.7681834604342,0,normal
1466,51.2136066649161,0.5923950454983327,208.8883258124049,0,normal
1467,52.17527553964327,0.44870625083556226,216.08514531456413,0,normal
1468,52.90299061673602,0.6291136092382096,213.47080066970838,0,normal
1469,53.06200701850594,0.608060161220851,216.8709048569997,0,normal
1470,55.109485359447085,0.5249247099125038,218.95221775163762,0,normal
1471,55.95467305315337,0.6039333802275425,221.4273065225725,0,normal
1472,54.316711231997516,0.6411103452147409,219.63520438207408,0,normal
1473,51.27511914859484,0.553024058518636,203.1681122307948,0,normal
1474,52.309239539665356,0.4807300381739078,210.5828871027997,0,normal
1475,51.131296228880124,0.5531630323674122,199.21922396884338,0,normal
1476,52.09599875022553,0.4350449452004812,203.97585658852063,0,normal
1477,47.248766861568164,0.4338342284435027,192.1721139513641,0,normal
1478,47.10932239740081,0.49908428641801866,192.87073996663372,0,normal
1479,48.1703187746118,0.464326086270802,187.7529942536138,0,normal
1480,46.11985132242446,0.3974501489503919,187.83247684222994,0,normal
1481,45.733683942071124,0.45914099153003995,180.27105740310813,0,normal
1482,45.11458443702388,0.4510292794948067,180.54086362909706,0,normal
1483,45.5003144072119,0.47550827278758556,10.116621931130517,1,fault
1484,46.44748251135633,0.47266677164944587,189.82736621554005,0,normal
1485,45.6549797751745,0.4671683352003474,186.59927904080897,0,normal
1486,48.378058578908,0.5042065994500368,203.05618610791686,0,normal
1487,47.332901757601945,0.4599344676078625,185.8122103251588,0,normal
1488,50.32836797283139,0.5110428094448185,196.38409701636283,0,normal
1489,51.47283618879884,0.5175937378211066,202.2807334040524,0,normal
1490,51.88370691180784,0.47705572358317055,206.2623223801983,0,normal
1491,53.512848630606875,0.522491397171147,202.27864145096802,0,normal
1492,53.707586866256655,0.5600510132283727,213.79320628154258,0,normal
1493,53.757927804583616,0.5872311640717938,212.3088575588599,0,normal
1494,54.64638525838635,0.6649683350679403,222.5043398705344,0,normal
1495,53.72564049607371,0.5724229485276985,216.66465887934504,0,normal
1496,54.65292448301535,0.6432323042041901,215.6082147932147,0,normal
1497,52.3854484117804,0.601674751057214,212.49159787393612,0,normal
1498,53.21197702299105,0.5526672005753815,216.46422339108304,0,normal
1499,50.11261615758402,0.5319868337201896,196.60773568137904,0,normal
1500,49.433705084419195,0.4764976996021408,195.26969906076468,0,normal
1501,48.08130136627209,0.5277328220293658,14.129794372013764,1,fault
1502,48.82514672887494,0.5082951014907954,189.84728704365335,0,normal
1503,46.794756039683904,0.37637093305926034,183.4666763566177,0,normal
1504,45.45813917853343,0.41723901617836096,182.2033875971638,0,normal
1505,45.66909030962445,0.495787414283683,177.94944784169874,0,normal
1506,42.892807652670314,0.34879460132607115,169.0039706754357,0,normal
1507,45.127237278913775,0.4249304970830289,174.38229570774212,0,normal
1508,47.6673871588825,0.48064168506460725,191.52511812818634,0,normal
1509,46.59681260046986,0.3801051070511672,188.51582337480397,0,normal
1510,71.02841814095386,0.47689366084405643,192.28347941877527,1,spike
1511,49.25403315412958,0.4153889054808603,197.07793827604462,0,normal
1512,50.89560524331437,0.4866308995462177,195.8770559907505,0,normal
1513,49.29662853262254,0.5397187190271604,194.0867458110259,0,normal
1514,50.81767351820882,0.5341912848795943,201.23416071124285,0,normal
1515,53.745825197018995,0.5596926135530536,212.96682422347286,0,normal
1516,53.61525045702464,0.5946280602027523,214.83590791804775,0,normal
1517,56.14165439366524,0.6198284754855482,231.69432443651607,0,normal
1518,32.18499436928158,0.5943254373198873,222.7997835038821,1,spike
1519,52.89509839573228,0.5907428942506525,206.64280468368565,0,normal
1520,53.06211310207815,0.5248738750086064,215.64046678479576,0,normal
1521,50.78585788630227,0.5177339780037798,206.34494338353775,0,normal
1522,52.26587446271718,0.5297040795240109,205.0331604861109,0,normal
1523,51.105711098248285,0.44283405323495295,208.66717400617034,0,normal
1524,49.575537290218406,0.44548795799190316,197.50026598114732,0,normal
1525,49.784783813517116,0.574105998623534,192.08936780399625,0,normal
1526,48.69851983651664,0.4932065624595945,4.618020388227544,1,fault
1527,46.29407767071128,0.35970213834415615,186.26111980091775,0,normal
1528,43.53517931360102,0.29368586747959985,173.00232910847495,0,normal
1529,45.787652449046874,0.4101448539754083,182.963344371271,0,normal
1530,45.555360228508576,0.48916653122899567,178.626013519592,0,normal
1531,45.4797624387116,0.4002573420340144,184.96970227383196,0,normal
1532,46.651352730385796,0.4983770322779167,186.38815774899857,0,normal
1533,45.29963799760607,0.4235892984930542,182.03079621016542,0,normal
1534,49.50875538618524,0.5137376306159995,199.82073116688534,0,normal
1535,47.74647702134541,0.38814351496167976,185.21298001325002,0,normal
1536,50.749222927200776,0.5618606046315034,198.52547659939285,0,normal
1537,49.60674753109922,0.47538834875830394,187.37726782631583,0,normal
1538,51.569735312729705,0.5745493289351394,209.10265254337085,0,normal
1539,55.051902552658106,0.5603295519538565,214.1465600918986,0,normal
1540,54.06922719592139,0.5902370112939235,216.93975733316384,0,normal
1541,55.6695517365781,0.6309911824284435,224.53314807101017,0,normal
1542,55.236955388719245,0.5970374419455916,223.9595857493396,0,normal
1543,54.72467097544526,0.6147206791632129,212.87859933260074,0,normal
1544,55.6939773438549,0.6005596931174725,222.45010128471614,0,normal
1545,53.298875081280826,0.5335245139735526,221.54690242906204,0,normal
1546,50.71926189243672,0.5946594069884326,211.44862096966847,0,normal
1547,50.49085513356106,0.5622647459892933,206.900036004379,0,normal
1548,50.551191728701546,0.47298059732162206,203.89223260890037,0,normal
1549,49.10141388085,0.5104504928967306,191.3801235791731,0,normal
1550,45.9329417497646,0.3815248922602344,187.32487512601367,0,normal
1551,45.74012357465906,0.355568239310065,182.17038815490204,0,normal
1552,45.08815163187568,0.4534535047074625,183.15524790386695,0,normal
1553,44.80490127444041,0.31089304420643793,176.05538782350106,0,normal
1554,43.62408641139845,0.41882452390679603,173.63168008139417,0,normal
1555,44.54199976043515,0.37820387958005003,16.930791958467438,1,fault
1556,44.94126249581824,0.3882479197623384,180.99644044074228,0,normal
1557,47.23599935382896,0.46520754805774367,191.4126109876171,0,normal
1558,48.30912131099026,0.4952423668195178,190.34051032133652,0,normal
1559,48.56009431639863,0.42988472748652723,187.52395500504352,0,normal
1560,49.607960204129085,0.5280454845200849,206.55576601601533,0,normal
1561,51.43401953755158,0.5343489176522928,218.1823489953231,0,normal
1562,51.68342489254458,0.47086575820748966,208.97080312619022,0,normal
1563,52.38870182376525,0.5392803122963181,202.93484682141045,0,normal
1564,53.38990580999646,0.6368620669778755,209.69364765577146,0,normal
1565,54.194815967473815,0.6677260592617611,219.32485171515012,0,normal
1566,53.83652620020773,0.6125979468845885,222.05168285923733,0,normal
1567,54.99168869050819,0.5403165994017453,213.90230158932349,0,normal
1568,55.05984269270596,0.6257271989769136,219.61770666657935,0,normal
1569,51.948435605134556,0.5815117572956507,208.77340274275807,0,normal
1570,52.52512871121607,0.5867879733902575,214.42340710129366,0,normal
1571,51.07415943024654,0.5607309030393267,202.57863224898426,0,normal
1572,50.34150868553676,0.5249933276731117,193.5469612855374,0,normal
1573,48.69296600638373,0.47023870318614736,197.8778518227994,0,normal
1574,46.046400720068505,0.39050963960616913,189.80958270613021,0,normal
1575,45.202076795210175,0.30914475997912866,180.3953498721149,0,normal
1576,45.69929655666296,0.4309680194689267,184.823386683184,0,normal
1577,46.19915178830017,0.43328567794861284,182.42415100606533,0,normal
1578,42.785812628957,0.38359504472038075,166.9143865421985,0,normal
1579,45.51609744835618,0.34344476430247883,187.1965181961608,0,normal
1580,46.85949498636536,0.46944073419306026,189.37545918453375,0,normal
1581,46.31144021786115,0.5289560590882618,187.697603868454,0,normal
1582,48.05020249602636,0.46492655645942277,199.7113857240785,0,normal
1583,48.00283569358954,0.4569734479114637,186.7371311027653,0,normal
1584,49.88063380072312,0.5130627938187474,196.76240386209537,0,normal
1585,49.673181707204215,0.5950804853796012,199.48239357299033,0,normal
1586,71.8426555623305,0.4519307457466293,197.80106057751857,1,spike
1587,54.4782997071579,0.5997263408128533,221.82888150499386,0,normal
1588,53.34513209119769,0.5269197707090716,212.44353226027084,0,normal
1589,54.37410128644189,0.560131789686588,212.53374110828162,0,normal
1590,53.6135577467298,0.569791639540499,214.7830893628575,0,normal
1591,53.41965942836146,0.6357593506479072,214.5303315674798,0,normal
1592,54.156289318827554,0.4,221.29856758979187,1,contextual
1593,52.80595671179723,0.5785262414672799,213.18953136292603,0,normal
1594,52.87797099799483,0.5387296838087223,213.8176159487785,0,normal
1595,51.74663364449203,0.6595696162217666,208.58799299800424,0,normal
1596,50.320849646324675,0.4850392688600174,200.34228597883904,0,normal
1597,48.94450556541586,0.45033331559033035,192.1969266861071,0,normal
1598,49.07776820493211,0.3928082118697059,197.75526457802533,0,normal
1599,45.396872325022535,0.4777420249626879,179.92186547067195,0,normal
1600,45.61493811487483,0.4607110419160613,190.9088655617044,0,normal
1601,46.30306068907428,0.5469514905873079,191.92315423016322,0,normal
1602,46.26453980933804,0.3558146285758545,188.2223548991102,0,normal
1603,43.74860721921008,0.44788068475815707,176.88676357330525,0,normal
1604,45.35751753942179,0.41065712670674226,180.9902749027813,0,normal
1605,47.82258718993455,0.49675675463869784,184.98473010300253,0,normal
1606,48.00807910519914,0.37777272504875914,190.9514553041867,0,normal
1607,48.90116780596702,0.5514274472526053,196.11167139089437,0,normal
1608,33.64800019290523,0.534972143697896,200.2765435984842,1,spike
1609,50.91029429980451,0.5162603842567794,205.98885903429718,0,normal
1610,52.788219063090295,0.5880200156448621,215.7595272417496,0,normal
1611,53.28315978094826,0.5273884305668527,209.6718687653287,0,normal
1612,54.287548397877636,0.5567789636784678,213.73481555546547,0,normal
1613,54.90822783756033,0.5749923260699368,226.8871947489571,0,normal
1614,54.3219284715065,0.4938021763456162,221.14262183199176,0,normal
1615,55.361758505326804,0.6503230948167044,219.4931793106406,0,normal
1616,57.24437166733764,0.7044671140558811,228.44143082458936,0,normal
1617,51.758547266606676,0.5001037378439415,206.52061933305222,0,normal
1618,52.8240125241902,0.573890401281045,211.45392070816771,0,normal
1619,50.53390513689363,0.4974010790064108,204.49903600876758,0,normal
1620,50.57740257751942,0.52796174965444,214.98457404057683,0,normal
1621,48.75246224781538,0.44367038289575617,195.9586317970748,0,normal
1622,48.26185477404253,0.4210658376764689,196.3604098482964,0,normal
1623,47.63997267057628,0.5054031977127127,182.1275071513544,0,normal
1624,45.86229409884599,0.41405235272069524,181.0246764314898,0,normal
1625,46.30242315696883,0.5271539106820503,191.35376764145835,0,normal
1626,42.65570210621132,0.3554295403639334,172.63438538162836,0,normal
1627,46.760823166470644,0.3889125613118883,165.0977197415584,0,normal
1628,46.04493513297023,0.48224574648120155,187.5498565434619,0,normal
1629,47.54230944981239,0.4823861972035488,199.76005977239342,0,normal
1630,46.280124255158455,0.4619461282879903,175.14095909003487,0,normal
1631,47.8751348928818,0.517032731801032,199.09747794975476,0,normal
1632,50.14593829414455,0.47027895119060126,186.72397502344856,0,normal
1633,51.27705733617523,0.5191784812742403,209.798224069968,0,normal
1634,52.78306858800987,0.5470888801858077,211.08903122197827,0,normal
1635,54.620049066862634,0.4,206.73034019122747,1,contextual
1636,52.56490670361932,0.5381186265644743,212.4903159506762,0,normal
1637,55.803448203162574,0.6828879369570927,228.9679915584106,0,normal
1638,55.00828190995793,0.6120325433888509,221.85256265893958,0,normal
1639,54.625847270320776,0.5252138790141662,221.42752726658117,0,normal
1640,52.85901178453739,0.47938826510750093,209.37766657645423,0,normal
1641,54.038582574309686,0.6640104544236073,206.84738152113363,0,normal
1642,50.08589214896928,0.4972018924666291,203.80288870756243,0,normal
1643,51.942489236751356,0.5064792744499462,216.5187265442369,0,normal
1644,48.507894164527,0.45645829504568985,199.6794809292453,0,normal
1645,48.759362687105096,0.4013218660262353,185.09807160041365,0,normal
1646,47.38083116267225,0.5187713807290261,181.94885261463435,0,normal
1647,47.634004241361055,0.43302743794791965,186.3061782564575,0,normal
1648,45.491217812063965,0.47819443262820044,173.99999399185515,0,normal
1649,44.47623230740901,0.392107231870546,178.12587882741624,0,normal
1650,44.4933973040288,0.46134454480899795,179.9406682420178,0,normal
1651,46.443253637309255,0.44169979769833934,178.6217481330252,0,normal
1652,46.20616995025873,0.46678503214862843,188.7103220974126,0,normal
1653,46.078836112543975,0.45753137455529636,187.32086417027597,0,normal
1654,47.26355358003537,0.47643562491330593,186.31341869592296,0,normal
1655,47.13872768390186,0.4601712775371728,187.69230080568752,0,normal
1656,50.388474200851206,0.4961269482112449,191.80489092513966,0,normal
1657,49.53427951781713,0.5864573249349857,196.47580728983317,0,normal
1658,53.25179646583548,0.5196890800619146,213.04411073399356,0,normal
1659,53.66415549842386,0.5734984920856352,215.50035996983638,0,normal
1660,56.717078818496034,0.6350858701303005,228.762699834085,0,normal
1661,53.72949357772108,0.5947119092215976,216.13918302703718,0,normal
1662,54.897337908959365,0.5764731258844622,218.2676331495091,0,normal
1663,56.62791683236841,0.6482956519268477,227.94264204224524,0,normal
1664,55.5215166592136,0.6019882039241238,227.09622660340565,0,normal
1665,52.839321854353,0.47768881121516515,210.8797970508638,0,normal
1666,52.72396742837336,0.5549569628803096,212.48384416765182,0,normal
1667,51.296094581927825,0.4708936249870489,204.2535230143907,0,normal
1668,50.28195586739426,0.4189198292254401,11.951505218672798,1,fault
1669,28.484761417687274,0.4669881528045217,194.64329568859853,1,spike
1670,47.41067959729953,0.47260775904696883,186.86658866834708,0,normal
1671,44.86641371879053,0.42366317648103946,181.39638938012308,0,normal
1672,45.804996432945856,0.4444584640099018,183.36126258933365,0,normal
1673,45.62039154197654,0.31577837979250023,180.96189278530542,0,normal
1674,44.77258058735612,0.3274007653517489,177.44960818869117,0,normal
1675,43.55531997796992,0.469782471400082,171.68067494980124,0,normal
1676,46.65840484392925,0.3808076588747331,178.40461351527193,0,normal
1677,46.82899113206007,0.46712187419803575,189.23044000404875,0,normal
1678,46.77398490229881,0.4011328169626838,188.25367373558683,0,normal
1679,48.42530432764914,0.472489723516361,197.949568572839,0,normal
1680,48.49933059721829,0.4383239018306861,191.34003787733917,0,normal
1681,50.26868509773459,0.533450759685674,210.5516585183217,0,normal
1682,51.9621886536428,0.5460824789386909,205.95007487532303,0,normal
1683,54.763954718212865,0.5728646056820457,214.68027066187798,0,normal
1684,53.69062362803458,0.5213038665766561,209.79406991292498,0,normal
1685,55.469842790774116,0.6227855656901079,213.20975914694816,0,normal
1686,54.46168379713842,0.528597735990639,225.50987465051932,0,normal
1687,55.07757669229726,0.6229255859519871,227.16564372303233,0,normal
1688,54.18873151677844,0.7150988757874137,219.75865188153756,0,normal
1689,54.408590506025725,0.655680312683615,213.153917985224,0,normal
1690,51.965188661781454,0.5752211675803371,216.91709305492142,0,normal
1691,49.721566975510136,0.49015097462314533,197.12767209443226,0,normal
1692,48.61805096863658,0.37542338802255537,193.12707471841307,0,normal
1693,48.1740272805448,0.39736622581588676,199.88240452435957,0,normal
1694,46.25094002932181,0.4891584433915719,188.2983130396916,0,normal
1695,46.87467810974687,0.3980057581886983,198.50422813276043,0,normal
1696,45.204104816219754,0.3691194914161927,182.06003056647413,0,normal
1697,47.544977418581084,0.4426170245874206,188.1947556764307,0,normal
1698,43.262285404862865,0.31214339515492956,169.99011720215248,0,normal
1699,45.374004047264485,0.3461416442177079,172.2610353031048,0,normal
1700,44.54191995757206,0.38831469551237013,176.77470096625723,0,normal
1701,45.97106475368451,0.37484482234008837,189.60722570887495,0,normal
1702,47.641419473340484,0.41577746047786496,193.55984875664228,0,normal
1703,46.380533399612816,0.38855111668490605,185.6236736312533,0,normal
1704,50.23682611678805,0.5308545330274845,195.97263224807057,0,normal
1705,53.19700268778683,0.5523337692309687,213.922375841211,0,normal
1706,52.04656170163125,0.5320026356379323,213.25031533250186,0,normal
1707,53.79534176273815,0.6057541301202071,217.3349633333025,0,normal
1708,55.35504871204769,0.5999989938293068,222.25387069635755,0,normal
1709,54.66567563141833,0.579400824205508,214.67791425926728,0,normal
1710,54.419039811468515,0.6119033140078789,222.01206831643412,0,normal
1711,52.55389272772366,0.5844877467323547,194.55604681717372,0,normal
1712,54.97111773831727,0.5920686797909152,221.7986994975948,0,normal
1713,53.42236549620375,0.5724776987051012,226.54107188953802,0,normal
1714,51.487316148611946,0.4906568114855725,198.40739765778855,0,normal
1715,51.42069193579037,0.48537968655758124,204.47592046965465,0,normal
1716,49.41631964319385,0.5267837679622174,197.62572362215178,0,normal
1717,48.17747864337214,0.4857966759946739,190.39700050320567,0,normal
1718,48.10629115610867,0.48489074504300217,197.60703583722957,0,normal
1719,45.12608368274336,0.41656439109114324,182.86658980274993,0,normal
1720,46.71718826715164,0.4366539291337805,187.63025493134316,0,normal
1721,43.77268470543628,0.4102742886498641,179.07710162759153,0,normal
1722,44.33729859164474,0.43350140988403396,177.43294791193767,0,normal
1723,47.09331706262123,0.487427741511957,204.27259069460248,0,normal
1724,46.79722774272024,0.43090565905710543,187.94564563916467,0,normal
1725,46.56207008656255,0.5005910382266929,187.2246908386987,0,normal
1726,46.55946978449863,0.44261242977658866,177.68553889012816,0,normal
1727,48.17663246778765,0.4951514589840429,189.98927823463347,0,normal
1728,50.07327531458561,0.5155699008334561,206.02998966734148,0,normal
1729,51.33161845785216,0.5389827045312519,198.64918957960927,0,normal
1730,52.409129070374036,0.5113949818949647,198.84873040998636,0,normal
1731,53.504701391848386,0.605161569754209,214.18038292333142,0,normal
1732,54.11575190921712,0.7245797579297244,223.31673017424336,0,normal
1733,53.38765039580529,0.5490132541766015,213.76250772670178,0,normal
1734,54.48348925783917,0.5932195209280308,216.25333401822496,0,normal
1735,55.74425318543221,0.5925748004912811,213.68457305302394,0,normal
1736,52.96179272137123,0.534834859349328,214.1084414989959,0,normal
1737,53.345978394393455,0.6441420417938027,216.69028912198905,0,normal
1738,51.68024607122911,0.4999563705382089,197.81232178941093,0,normal
1739,51.40544565491089,0.5044048894298998,211.29444486312966,0,normal
1740,49.61136681893333,0.4128526951921015,202.27394490519384,0,normal
1741,50.183298439461886,0.46578538256212537,206.39477347058428,0,normal
1742,48.0065831541903,0.3747116684361387,194.94395807592792,0,normal
1743,45.152662928290056,0.43464349352639753,183.8790652572168,0,normal
1744,46.341100992691636,0.5668068809456982,187.96800846427524,0,normal
1745,44.39571901229265,0.3695804405633269,181.9252376566766,0,normal
1746,44.42300362862247,0.3051221759229375,168.59822566887027,0,normal
1747,45.484189888661746,0.4546837809947216,174.4314623865394,0,normal
1748,45.178125561347635,0.3672162632804449,177.0324627444417,0,normal
1749,47.35732191039019,0.5121137847354809,188.780186783198,0,normal
1750,46.72548993848636,0.42040834638023,188.84264437048634,0,normal
1751,48.086958221896076,0.43014837998378247,193.97124115372856,0,normal
1752,49.34362910645198,0.4779747043417552,202.96004548308807,0,normal
1753,50.728456477157415,0.5524579675899576,208.6563024015314,0,normal
1754,53.59919155554772,0.5606127995731716,210.0348406807219,0,normal
1755,54.16433019954279,0.5584503688511705,217.85020134842352,0,normal
1756,56.04007097293425,0.6108598393097414,219.92112615312783,0,normal
1757,57.097273335344596,0.5783527074818476,227.44785814961054,0,normal
1758,53.96928296806766,0.5992372394760522,217.4860887175131,0,normal
1759,54.90004825877268,0.5086646354832081,202.55663265273225,0,normal
1760,53.15392670227869,0.5408724613272979,224.67192700731317,0,normal
1761,52.75792797818453,0.5931278200052278,213.8637552997255,0,normal
1762,51.869917489744374,0.5525507639415232,204.50115358191047,0,normal
1763,50.236940351374336,0.5342548356768062,210.5846101816485,0,normal
1764,48.94811272710184,0.4757099709060963,194.0552950559764,0,normal
1765,48.56162039596707,0.5297197169686172,194.90907851300855,0,normal
1766,46.283281581613736,0.47190059147076435,182.6975472744668,0,normal
1767,47.30659305320498,0.4684389112764833,197.48633140003662,0,normal
1768,44.752119443660334,0.4414196777388838,178.48355424311194,0,normal
1769,47.979939838651134,0.4971199744932015,192.6671798583021,0,normal
1770,44.5486155490356,0.36899913531336753,184.21337296126964,0,normal
1771,45.24238851047172,0.33765282462486773,183.89525132919226,0,normal
1772,44.37453179661168,0.40850874222436473,177.22638686077636,0,normal
1773,48.1705578521948,0.4907156185854674,198.2341862705665,0,normal
1774,48.61950068080307,0.5269136131729897,207.17041887035205,0,normal
1775,49.00282064522345,0.4332403491522044,197.5983348248909,0,normal
1776,48.653197451220414,0.42774239606055015,195.19659024424448,0,normal
1777,51.50476210323697,0.553090255380128,206.8721838310433,0,normal
1778,51.37856895398255,0.5240130296369967,212.06642332008778,0,normal
1779,54.99788916940618,0.5056697028595671,216.9955680024601,0,normal
1780,55.1393217507753,0.4,219.1656992045429,1,contextual
1781,54.92506816993305,0.5058802176492132,212.01305793409898,0,normal
1782,52.563624336752675,0.5040096591413846,204.33515803381084,0,normal
1783,77.03120219155512,0.644508331698733,212.79585259765568,1,spike
1784,55.01788815052204,0.4,219.79186763178606,1,contextual
1785,54.74841759765584,0.5341855335295187,227.83908701947394,0,normal
1786,53.609169811492265,0.5557138193592106,217.11664327059518,0,normal
1787,49.702082223271255,0.4961727706193604,194.24793634213606,0,normal
1788,50.30155230681326,0.5950923925153435,197.56630680043244,0,normal
1789,49.721419990970354,0.46978495242818696,205.7594233800347,0,normal
1790,45.84166443441774,0.3929890875366908,188.9997094808169,0,normal
1791,46.45656157869419,0.5065675094970269,185.9669958658978,0,normal
1792,45.943715379386354,0.4001348499518142,181.56222918985125,0,normal
1793,44.86960628370789,0.43350221112248066,185.10308931335476,0,normal
1794,43.1478381445988,0.2890996146363546,167.62471694477176,0,normal
1795,44.84467275848091,0.3883318179650019,181.33884302421126,0,normal
1796,45.34256755082278,0.3238715091001353,192.73356515775777,0,normal
1797,46.31639368951932,0.3735561847426012,186.29235316933458,0,normal
1798,46.93652857457499,0.48069063924911304,183.86806690199194,0,normal
1799,48.26289262124576,0.4627625828705796,195.10341399834073,0,normal
1800,49.960293717652895,0.48325058732540915,197.49113127553485,0,normal
1801,51.73654983048223,0.49729351541059874,199.97562010316184,0,normal
1802,52.19557323714305,0.5328786610807968,212.28747308293273,0,normal
1803,53.12588497756474,0.5775733579063294,218.09271191300758,0,normal
1804,54.42248105717667,0.6375954314666215,216.13539086834382,0,normal
1805,52.90871320555011,0.42691692990616203,209.74867445171907,0,normal
1806,55.47703512722646,0.5679526438313887,217.10031355329667,0,normal
1807,73.64895162430815,0.604536132795897,218.5665861349515,1,spike
1808,54.36982054551979,0.4,214.66744026746318,1,contextual
1809,54.496268213527216,0.6100941763968806,212.9299094205926,0,normal
1810,50.547184469951986,0.5243207037053674,211.64958203180598,0,normal
1811,49.320261355653855,0.4711618339634067,199.61350950636296,0,normal
1812,50.27380384532342,0.4791334171071096,203.95719092144046,0,normal
1813,48.69878791935901,0.4617006839004052,199.2121495220982,0,normal
1814,47.67017694319202,0.5108406563549776,194.5358888565671,0,normal
1815,46.00233901889485,0.3834463837326113,181.94380631159584,0,normal
1816,46.334226655317885,0.4235441969491599,186.69966973612887,0,normal
1817,46.103009711545766,0.4312273049308364,183.06688642487975,0,normal
1818,45.48398229395153,0.48769719237275344,184.1282472996894,0,normal
1819,44.90954241015003,0.3831754352911849,181.34662407039096,0,normal
1820,43.562183593463345,0.4191840046698149,172.33543306953237,0,normal
1821,47.233702302104135,0.5062730162053338,182.28831559380754,0,normal
1822,48.721728666217565,0.47124686007481886,195.6180999496978,0,normal
1823,49.35046318647138,0.47647331477558946,196.38050530684902,0,normal
1824,49.12035757263226,0.46595446785023437,187.02956905198525,0,normal
1825,51.96788961918018,0.5265666356714743,210.40986732116428,0,normal
1826,53.36052970796156,0.6099225871880729,218.26882939306012,0,normal
1827,55.094350153731746,0.6134375019374106,233.01918299097173,0,normal
1828,53.45401709469421,0.5808448273523776,211.86008086217353,0,normal
1829,54.6031745469012,0.5358023154190322,215.71913870485946,0,normal
1830,55.747272051143455,0.5665709371541073,217.44198305237762,0,normal
1831,54.88703920288348,0.7049131252965186,220.59136634396896,0,normal
1832,53.21279941687101,0.4,213.8627885702758,1,contextual
1833,53.95015019095953,0.5402644040402726,211.7441190899044,0,normal
1834,53.078661633815244,0.6331281909557698,211.43999712524177,0,normal
1835,51.382058121843926,0.5417315898710562,195.63490415292893,0,normal
1836,50.21958492717995,0.5332994443868251,205.51022344788603,0,normal
1837,65.00119553512236,0.4620416236919559,189.9353991928457,1,spike
1838,48.97827893571624,0.4636319241854846,195.73983398580006,0,normal
1839,45.5637739103547,0.4027961595822295,175.1216285349299,0,normal
1840,45.08255221831394,0.3325141358513475,177.4184408759479,0,normal
1841,45.1813563820822,0.3992307571706491,179.32746976074117,0,normal
1842,45.87895402770089,0.4323807344061487,183.4593618759994,0,normal
1843,43.67299769846005,0.4659831156613887,177.09065337145276,0,normal
1844,44.359576231312246,0.39149147787650573,184.6336803426801,0,normal
1845,44.426737586332614,0.271825899616137,181.37050505917725,0,normal
1846,47.53269522525314,0.4459546328658318,194.9416036167438,0,normal
1847,26.9284498392892,0.5887271858010303,197.5809163788387,1,spike
1848,49.615449889982024,0.5356273095488925,201.31033896754158,0,normal
1849,51.95547341540402,0.49856502111765105,207.63835768352112,0,normal
1850,51.85845727921718,0.5667244713058714,212.47938864814398,0,normal
1851,53.76681592867615,0.5382356473290361,220.43231014451288,0,normal
1852,54.030789111170385,0.5129254062460649,219.36598563451173,0,normal
1853,77.45792039608318,0.5926164007691314,214.73383580098647,1,spike
1854,55.47512806734801,0.6140788833089033,217.6932115039188,0,normal
1855,54.13769543527074,0.4891461335837451,215.17651122093056,0,normal
1856,54.16147526552174,0.525771540783503,220.54400616576643,0,normal
1857,54.579277303653406,0.5921023242321859,218.2103771192608,0,normal
1858,52.893376870254265,0.5374588786056376,217.25785064826988,0,normal
1859,49.897133167761346,0.5176832269125314,206.1647158147668,0,normal
1860,50.655618061171495,0.4523789448580018,208.618324588072,0,normal
1861,47.62129415205123,0.4881315704686896,196.51287943060635,0,normal
1862,48.91251306996103,0.41906230654621085,190.46508275655052,0,normal
1863,47.48856493390848,0.531908013775051,192.36743723291278,0,normal
1864,45.959758456996184,0.3334072549210078,180.80138862320766,0,normal
1865,45.327603711990896,0.3519243607206473,173.0650831911676,0,normal
1866,44.79096774397258,0.41668789503104303,177.72651531561115,0,normal
1867,45.848894819954666,0.5001895589739752,190.0192641079549,0,normal
1868,45.299094811615575,0.42173404803812004,183.50008929705461,0,normal
1869,46.70003596470715,0.46214361530326253,196.88919071685805,0,normal
1870,48.37193436651948,0.46831553241404256,194.3738881924185,0,normal
1871,48.1440982309616,0.41156204191347234,204.81540669181095,0,normal
1872,49.38380726000914,0.46316922778821384,198.42283516762183,0,normal
1873,50.0997297447883,0.4413991088967021,200.51132045992188,0,normal
1874,51.43552725387376,0.46477504668863157,199.34515857588755,0,normal
1875,51.707138594491205,0.5542302178558114,212.38136807942865,0,normal
1876,55.059955807937584,0.5450402170543536,217.72919758704793,0,normal
1877,56.63854367352805,0.648748573806729,223.31893649706856,0,normal
1878,56.425328943470305,0.5634154412583512,232.1074685926941,0,normal
1879,53.20354464281886,0.4,218.60529191525524,1,contextual
1880,55.05498169047845,0.5766655053614209,225.8801835979672,0,normal
1881,54.95764025585634,0.6694835817996589,218.01960535315047,0,normal
1882,52.0431900192616,0.5570497451641854,207.91788075052014,0,normal
1883,51.39554265616263,0.5896999977729598,205.28289863617127,0,normal
1884,47.99210694919527,0.42205980316264574,195.88101870014307,0,normal
1885,48.9726409424642,0.4822599858614924,203.65838711232797,0,normal
1886,46.4364402705654,0.37967444750549406,187.58649385825362,0,normal
1887,46.664101111979036,0.4126017601023598,196.53085987470294,0,normal
1888,44.10867005888895,0.3690681900405475,180.9206523257211,0,normal
1889,45.71322909303226,0.37797167082628824,181.67891940155695,0,normal
1890,46.02451267542669,0.3597151105662491,188.24160773235164,0,normal
1891,44.38719100683944,0.3170679539541561,186.0784654209016,0,normal
1892,44.532950399667435,0.2736716022079788,188.12324651537642,0,normal
1893,44.308443051517195,0.33335153785517097,183.16822892906418,0,normal
1894,47.23358646592476,0.4760464241520874,189.06271813198904,0,normal
1895,48.12431084020576,0.38256129020345103,191.41377709054342,0,normal
1896,48.44898058765167,0.4005734694403681,196.67626986841364,0,normal
1897,51.747113981824825,0.6244872081981423,215.35832840365453,0,normal
1898,52.050029618135184,0.509175789870291,210.368964083613,0,normal
1899,52.459797947287406,0.5652482594039899,212.11185114849368,0,normal
1900,53.77555461328169,0.6076269495906585,215.35920772471223,0,normal
1901,55.90093367037487,0.6511449798965614,221.96427936834343,0,normal
1902,55.602936943755225,0.5359430273447016,221.6010752418013,0,normal
1903,54.699603069946846,0.5824390774039624,219.47554220601504,0,normal
1904,54.94923203738715,0.5180732772718233,228.3874281307477,0,normal
1905,52.37462194954612,0.6698083319364385,208.29991890553046,0,normal
1906,52.532370100726894,0.47090363881375785,210.39254078246447,0,normal
1907,51.44141755599915,0.47643634017649206,201.43878192196405,0,normal
1908,49.53016349150131,0.438573227087951,201.70380929837103,0,normal
1909,49.14136311044509,0.4079942383727578,203.39884833537178,0,normal
1910,46.71956654535576,0.5020210263949425,195.00075541120682,0,normal
1911,46.97428680184332,0.5606081310910412,188.91396983085184,0,normal
1912,46.22173175260918,0.40064717908655273,187.7586984268329,0,normal
1913,42.25321098785762,0.2790430624149319,168.2450923405803,0,normal
1914,46.19030570351012,0.31195983913390135,187.40131621251308,0,normal
1915,42.12273830320182,0.33024933013793134,170.06077897530335,0,normal
1916,45.05382395552169,0.38525820795236165,180.50661775834422,0,normal
1917,47.48981412832506,0.41723147624849394,190.64802497468588,0,normal
1918,47.1827132747474,0.45472302819375937,190.99046451595785,0,normal
1919,47.23971879201772,0.46455303298112866,187.48811299384306,0,normal
1920,48.90626293828294,0.4942794216625539,194.4125677927416,0,normal
1921,52.32100097183317,0.5306137758382391,217.82081395569045,0,normal
1922,50.57849546945135,0.4564888179103138,215.8667157220373,0,normal
1923,54.66452500689458,0.6265821550282273,212.6362652849081,0,normal
1924,54.2750249198798,0.5861261863686725,210.8027436576389,0,normal
1925,53.63723380100294,0.6171625522617914,209.76317106497103,0,normal
1926,54.41688492769731,0.6278414760275578,217.15109763559647,0,normal
1927,53.81240479034373,0.5051599923545187,219.7285217165612,0,normal
1928,55.19635221978074,0.5322159340227347,223.74167358936432,0,normal
1929,54.267961715695776,0.5475821983768892,217.93200254668545,0,normal
1930,50.78083886612391,0.4628035069079447,205.76803319928513,0,normal
1931,50.89050310699318,0.5555726509386686,200.10158164483087,0,normal
1932,49.13681433765587,0.5003017705525133,195.32664349186038,0,normal
1933,49.99941474294687,0.5549474945482029,199.8971862299085,0,normal
1934,46.14990088187388,0.4428223585080236,176.67852183313627,0,normal
1935,48.06869519875229,0.4718063830687142,19.040633971064494,1,fault
1936,45.636578241560855,0.47271805384842563,176.9384826598551,0,normal
1937,44.00843646217462,0.40365509623024487,179.85428696711736,0,normal
1938,44.32272581599072,0.38985956449170034,178.51767800682498,0,normal
1939,44.36875202778625,0.4613976922522593,180.5303141115147,0,normal
1940,44.395254579062254,0.3936641357388846,168.38274336723669,0,normal
1941,46.5592929537976,0.4159688288300559,178.8193383849324,0,normal
1942,46.27208444930815,0.38355052604728057,188.40441499851508,0,normal
1943,46.525538565748974,0.46566204426725005,172.20880605466564,0,normal
1944,49.620323529151904,0.5542589976751615,204.60444090460663,0,normal
1945,49.49123902909456,0.4872954105102197,188.84837039876427,0,normal
1946,51.74783913193237,0.6003525638276394,211.20808098735438,0,normal
1947,52.626431017329324,0.45402786874800766,206.06280094553247,0,normal
1948,53.45891094689622,0.5664055501975287,219.08016236344278,0,normal
1949,56.830592233035496,0.4,243.36317350172445,1,contextual
1950,55.05641156716957,0.5647785127230239,208.85975811807265,0,normal
1951,55.07500014044072,0.7206930547079081,223.77688630106613,0,normal
1952,52.553728722579976,0.5477649428171614,201.1741013223512,0,normal
1953,52.88157077229569,0.5372448768656921,213.66012770027027,0,normal
1954,52.71530262994157,0.5556041582705066,209.8273497020068,0,normal
1955,50.269566312599615,0.4052506393257009,201.72717686270767,0,normal
1956,50.90806284351825,0.48016786060311933,199.07381999243182,0,normal
1957,47.5032081885863,0.4992261622439962,193.9155383018277,0,normal
1958,47.21363386413498,0.4128254095360608,181.612746266688,0,normal
1959,45.878414454091995,0.3761245309418263,189.72184413086168,0,normal
1960,45.834193640459766,0.48216015463491535,181.29052302878816,0,normal
1961,44.529880796699175,0.4576103359815749,171.10606979978124,0,normal
1962,44.72910637292906,0.42043165106663827,186.89110960841973,0,normal
1963,44.93424077677661,0.3759289488335989,179.4002498430607,0,normal
1964,44.93548522368655,0.38673615121791477,189.28012074695633,0,normal
1965,46.94955996256426,0.3987837011725372,193.90502049682374,0,normal
1966,47.73838837483758,0.4050291115453193,186.96282497541813,0,normal
1967,48.617290829234165,0.42012499216926164,194.0442143122529,0,normal
1968,49.56954166653773,0.4604881129914942,198.8833563644688,0,normal
1969,52.09063925603261,0.49007673558641496,215.99407302406263,0,normal
1970,52.26416575618562,0.46709805919655495,211.24425159157806,0,normal
1971,53.22883661810687,0.5755468658498326,213.79680957790976,0,normal
1972,54.434817048810245,0.6004261200208768,216.73987025974944,0,normal
1973,56.5262158144161,0.7155639542097378,225.8520780783912,0,normal
1974,53.659643791978795,0.5397759574218408,221.1615355963068,0,normal
1975,55.59948602450063,0.6267947499711761,222.41647085198989,0,normal
1976,52.43695585768407,0.5643747461174214,207.77283707424542,0,normal
1977,53.75280706416151,0.5623642632269535,212.1886924285776,0,normal
1978,54.07508282760912,0.6187183359896663,213.53150554125568,0,normal
1979,51.782763749980035,0.5744167343421364,200.1205750197063,0,normal
1980,50.170625078539594,0.5197830563306689,196.930623772526,0,normal
1981,48.14545530568436,0.4501271208612974,200.07392260098905,0,normal
1982,47.53104720048879,0.43274443858204914,189.09119249911768,0,normal
1983,46.21240327866388,0.35586037063342457,188.371671457436,0,normal
1984,44.88389637314655,0.35738203853204636,11.580879077070996,1,fault
1985,44.88049525307976,0.3665095288665108,182.36353755714842,0,normal
1986,45.19838116062644,0.34776903509105705,6.987928501647991,1,fault
1987,44.40315380002393,0.4100592743348618,175.20541508564318,0,normal
1988,44.86359116039311,0.45710321665721276,180.3591644286781,0,normal
1989,45.1042226564749,0.35668133151304054,177.93776435683947,0,normal
1990,47.890725026088944,0.4719865723090107,180.943525504914,0,normal
1991,49.251228036454286,0.43331900375260024,201.61615185167682,0,normal
1992,50.2316604442361,0.48938710033776384,202.14172958368536,0,normal
1993,52.25926571824118,0.5106688354059349,207.46735059922545,0,normal
1994,52.587867637080926,0.5818521351719406,205.52054368796152,0,normal
1995,53.927544843298485,0.5446114881738608,208.36089179265826,0,normal
1996,75.28445890708093,0.643262309576525,219.6553213135788,1,spike
1997,54.73808911202715,0.582475743557433,227.01956124923538,0,normal
1998,54.469178171870354,0.5569033779576655,218.89254507118662,0,normal
1999,57.04378174723721,0.578210371827486,221.2613189584847,0,normal
